video_id,title,published_at,view_count,baseline,popularity,percentile,url
ppMamoM-rsE,Episode 9: Carson Brown: Dimensional’s Big Flaw,2018-12-07T14:49:08Z,2905,1897.17,0.1850,83.78,https://www.youtube.com/watch?v=ppMamoM-rsE
SVf_b2ZDsFc,"Episode 23: Glenn Cooke: The Basic Rules of Purchasing Insurance: What, Why, When and How Much!",2018-12-07T14:52:25Z,2168,1897.17,0.0580,72.64,https://www.youtube.com/watch?v=SVf_b2ZDsFc
kk7AW_ofE-8,"Episode 22: Daniel Weinand: Building A Company, Defining Success, and Finding Happiness",2018-12-07T14:54:24Z,900,1897.17,-0.3239,21.55,https://www.youtube.com/watch?v=kk7AW_ofE-8
oMEaCB5xcJY,Bonus Episode: Robert Little: The Yield Curve Is Not Out To Get You,2018-12-07T16:19:20Z,683,1897.17,-0.4437,10.65,https://www.youtube.com/watch?v=oMEaCB5xcJY
ivByia_4nGA,Episode 1: The Cheapest Advice Probably isn't the Best,2018-12-10T14:00:09Z,2214,1897.17,0.0671,73.37,https://www.youtube.com/watch?v=ivByia_4nGA
5mm6sJ1Bk9Y,Episode 2: Indexing is Here to Stay,2018-12-13T13:00:03Z,2233,1897.17,0.0708,74.09,https://www.youtube.com/watch?v=5mm6sJ1Bk9Y
tIGFr2QbL2Y,Episode 24: Evidence: What To Follow And What Not To Follow,2018-12-13T13:36:46Z,2938,1897.17,0.1899,84.02,https://www.youtube.com/watch?v=tIGFr2QbL2Y
0dsfEy4Tc8k,Episode 3: Amazon Eating the Stock Market,2018-12-15T12:15:00Z,1024,1897.17,-0.2678,30.02,https://www.youtube.com/watch?v=0dsfEy4Tc8k
Fz5_PodrZeI,Episode 25: The Year End Round Up: Recapping Recent Market Performance,2018-12-20T20:19:27Z,442,1897.17,-0.6327,1.69,https://www.youtube.com/watch?v=Fz5_PodrZeI
tg8zAU2ESno,Episode 4: The Race to 0%,2018-12-21T12:00:10Z,1070,1897.17,-0.2487,31.96,https://www.youtube.com/watch?v=tg8zAU2ESno
N8RwqAe81G8,Episode 5: Rethinking Mortgage Debt,2018-12-23T12:00:04Z,2759,1897.17,0.1626,81.60,https://www.youtube.com/watch?v=N8RwqAe81G8
IwxBEkUbF_k,Episode 26: David Goetsch: Embracing Uncertainty: Planning Ahead and Taking On the Risk,2018-12-26T10:37:32Z,547,1897.17,-0.5401,4.12,https://www.youtube.com/watch?v=IwxBEkUbF_k
FC3UmSeULx4,Episode 6: Asset Location,2018-12-26T12:00:04Z,1614,1897.17,-0.0702,60.29,https://www.youtube.com/watch?v=FC3UmSeULx4
mwqP2XKb8FM,Episode 27: Robin Powell: Evidence Based Investing: Changing the Minds of Advisors and Investors,2019-01-02T10:38:14Z,819,1897.17,-0.3648,16.95,https://www.youtube.com/watch?v=mwqP2XKb8FM
Bls6XIySA3w,Episode 7: Buying WEED,2019-01-02T14:00:01Z,681,1897.17,-0.4450,10.41,https://www.youtube.com/watch?v=Bls6XIySA3w
GFy5eI8HjHw,Episode 8: Sell Everything!,2019-01-03T13:00:01Z,917,1897.17,-0.3157,23.00,https://www.youtube.com/watch?v=GFy5eI8HjHw
pCxshAl06PE,Episode 28: Brad Steiman: Staying Ahead of the Curve: The History of Dimensional Fund Advisors,2019-01-09T10:40:39Z,2456,1897.17,0.1121,78.45,https://www.youtube.com/watch?v=pCxshAl06PE
VPf-U0ntBVo,"Episode 10: Keep the deferred sales charge, more for us",2019-01-11T11:00:03Z,521,1897.17,-0.5613,3.39,https://www.youtube.com/watch?v=VPf-U0ntBVo
UmdqUdgHw-w,Episode 29: Clearing Up the Holiday Back-Up: Podcast Housekeeping and Round Up,2019-01-17T18:57:04Z,305,1897.17,-0.7938,0.73,https://www.youtube.com/watch?v=UmdqUdgHw-w
zWiH7NmhM-g,Episode 30: Larry Swedroe: The Authority Speaks: A Complete Guide to Investing and Retirement,2019-01-23T20:15:03Z,9896,1897.17,0.7174,99.27,https://www.youtube.com/watch?v=zWiH7NmhM-g
-GuhgDdaGFg,Episode 31: Steven Leong: Single Decision ETFs: Unpacking XGRO and XBAL from BlackRock,2019-01-30T10:37:50Z,4734,1897.17,0.3971,95.88,https://www.youtube.com/watch?v=-GuhgDdaGFg
_49R0XfXIZs,Episode 32: Active or Passive Management: The Behavioural Explanations of Factors,2019-02-07T22:11:17Z,934,1897.17,-0.3078,24.21,https://www.youtube.com/watch?v=_49R0XfXIZs
IGxGdgZmSCE,Episode 21: Buying or Leasing: Weighing the Costs of Real Estate Choices.,2019-02-09T23:30:01Z,879,1897.17,-0.3341,20.10,https://www.youtube.com/watch?v=IGxGdgZmSCE
xJC6iJ0XFR8,Bonus Episode: Jim Watson: Building a Future for the City: An Interview with the Mayor of Ottawa,2019-02-11T16:15:49Z,219,1897.17,-0.9377,0.24,https://www.youtube.com/watch?v=xJC6iJ0XFR8
bIzXegFNjI4,Episode 33: Rick Ferri: Low Cost Index: What You Need To Be a Successful Index Investor,2019-02-14T10:36:07Z,9305,1897.17,0.6906,99.03,https://www.youtube.com/watch?v=bIzXegFNjI4
WSlEIi2ts9A,Episode 34: The Safe Savings Rate: Shifting the Focus Away from Wealth Accumulation,2019-02-22T13:49:25Z,1274,1897.17,-0.1729,45.52,https://www.youtube.com/watch?v=WSlEIi2ts9A
36hmBeqEp4c,Episode 35: Jonathan Chevreau: Findependence: Finding Financial Independence While Still Engaging In The Things You Love.,2019-02-27T19:28:02Z,1018,1897.17,-0.2704,29.54,https://www.youtube.com/watch?v=36hmBeqEp4c
hqNkY1e_8BI,Episode 36: ETF Model Portfolios: For Performance and Comparison Purposes,2019-03-07T15:04:42Z,3134,1897.17,0.2180,85.71,https://www.youtube.com/watch?v=hqNkY1e_8BI
8d-KQzdM-2U,Episode 37: Lindsay Plumb: Spending and Budgeting: Aligning Your Values and Goals To Your Finances,2019-03-14T09:36:48Z,738,1897.17,-0.4101,14.29,https://www.youtube.com/watch?v=8d-KQzdM-2U
n4FRYEaI2e4,Episode 38: Feelings in the Decision Making Process: A Reminder About Rationality,2019-03-21T23:42:03Z,621,1897.17,-0.4850,6.30,https://www.youtube.com/watch?v=n4FRYEaI2e4
L1WQrf7MNvg,Episode 39: Rob Carrick: Steering Away from the Financial Extremes,2019-03-28T09:37:13Z,939,1897.17,-0.3054,24.70,https://www.youtube.com/watch?v=L1WQrf7MNvg
HZv0Czf1xUE,Episode 40: Five Factor Thinking: Using Factors to Spot Trends and Guide Decision Making,2019-04-04T12:29:10Z,2661,1897.17,0.1469,80.15,https://www.youtube.com/watch?v=HZv0Czf1xUE
nRKGD3Nfp3A,Episode 41: Randy Cass: The Future of Canadian Fintech: Leading the Charge with Robo-Advisors,2019-04-11T12:26:01Z,347,1897.17,-0.7378,0.97,https://www.youtube.com/watch?v=nRKGD3Nfp3A
l5BGrvWAjGo,"Episode 42: IPOs, Indexing and Market-Linked GICs: Weighing Up Their Worth",2019-04-22T13:52:56Z,2832,1897.17,0.1740,82.57,https://www.youtube.com/watch?v=l5BGrvWAjGo
Pg8k2OehxbE,Episode 43: Dave Butler: Life at Dimensional: The Constant Pursuit,2019-04-25T09:44:59Z,709,1897.17,-0.4275,12.11,https://www.youtube.com/watch?v=Pg8k2OehxbE
un1sBUGkDco,Episode 44: Interactions with Trolls: Who Should You Listen To?,2019-05-02T09:37:59Z,592,1897.17,-0.5058,5.08,https://www.youtube.com/watch?v=un1sBUGkDco
JfQCMq_1hp0,Episode 45: Dr. Moira Somers: Preparing for a Changing World: Advice that Sticks,2019-05-09T09:39:56Z,1215,1897.17,-0.1935,41.89,https://www.youtube.com/watch?v=JfQCMq_1hp0
9J2VX4lxr8Y,Episode 46: Raw Truth of Investment: Why the Best Investment Advisors Cannot Beat a Dart,2019-05-21T16:48:48Z,4123,1897.17,0.3371,92.74,https://www.youtube.com/watch?v=9J2VX4lxr8Y
PcJ_Q-YWgn0,"Episode 47: Brad Boehme: The Used Car Business: Inventory, Margins and Customer Experience",2019-05-23T09:40:21Z,850,1897.17,-0.3487,18.16,https://www.youtube.com/watch?v=PcJ_Q-YWgn0
aWyrrOvJWhg,"Episode 48: Current Investment Topics: Market Efficiency, Grossman-Stiglitz Paradox, and the Home Ownership Debate",2019-05-30T12:15:21Z,1671,1897.17,-0.0551,61.50,https://www.youtube.com/watch?v=aWyrrOvJWhg
JPQQArk7K_w,Episode 49: Jaime Purvis: Insights into Horizons: Continuous Innovation in the Canadian ETF Market,2019-06-06T09:41:54Z,609,1862.10,-0.4854,6.05,https://www.youtube.com/watch?v=JPQQArk7K_w
6yECfvga2WQ,Episode 50: Tax Tales: Considering The Tax Implications Of Asset Allocation ETFs,2019-06-14T13:37:33Z,2164,1704.38,0.1037,77.24,https://www.youtube.com/watch?v=6yECfvga2WQ
arDBXHUTXNk,Episode 51: Ellen Roseman: Writing About Money: Advocating for Consumer Rights,2019-06-20T09:40:56Z,381,1777.96,-0.6690,1.45,https://www.youtube.com/watch?v=arDBXHUTXNk
HiII38MDxoo,Episode 52: A Closer Look at the CPPIB Report: What You Need to Know,2019-06-27T09:40:24Z,546,1768.95,-0.5105,4.84,https://www.youtube.com/watch?v=HiII38MDxoo
yPrN3JdBa3Y,Episode 53: Preet Banerjee: The Real Value of Financial Advice: An Empirical Perspective,2019-07-04T09:44:24Z,841,1794.65,-0.3292,20.82,https://www.youtube.com/watch?v=yPrN3JdBa3Y
LQbA_vBleU8,Episode 54: Dr. David Blitzer: The S&P Dow Jones & S&P 500: A Brief History,2019-07-11T09:45:21Z,1446,1794.68,-0.0938,56.90,https://www.youtube.com/watch?v=LQbA_vBleU8
rdoGxiZoiLE,Episode 55: Jonathan Clements: Being Frugal: The Crux of Financial Happiness,2019-07-18T09:47:01Z,2038,1888.61,0.0331,71.19,https://www.youtube.com/watch?v=rdoGxiZoiLE
Tb1ZxeQ0BRQ,"Episode 56: GIC's, Portfolio Questions and Education Saving Plans: What's Right for You in Your Retirement and Education Preparations?",2019-07-25T09:44:46Z,813,1763.94,-0.3364,19.37,https://www.youtube.com/watch?v=Tb1ZxeQ0BRQ
VCc-IXH7Dyo,Episode 57: Barry Ritholtz: A Masterclass in Business: Money Philosophy,2019-08-02T20:26:38Z,2652,1689.68,0.1958,84.50,https://www.youtube.com/watch?v=VCc-IXH7Dyo
_9xU36PQs0g,"Episode 58: The Ins and Outs of Real Estate: Mortgage Rate, Rentals, REITs and Variable Annuities",2019-08-08T09:39:41Z,2596,1704.05,0.1828,83.05,https://www.youtube.com/watch?v=_9xU36PQs0g
D_748K5Wa-Y,Episode 59: Alexandra Macqueen: Financial Economics and Annuities: Rational Planning for Retirement,2019-08-15T09:45:07Z,3780,1599.07,0.3736,95.40,https://www.youtube.com/watch?v=D_748K5Wa-Y
FGdREnI5ytc,Episode 60: Valuation Theory and the Imminent Recession,2019-08-22T09:43:16Z,1671,1627.17,0.0115,69.25,https://www.youtube.com/watch?v=FGdREnI5ytc
aD7qD2HV028,Episode 61: Ted Seides: Much More Than a Betting Man,2019-08-29T09:40:52Z,1180,1647.08,-0.1448,50.85,https://www.youtube.com/watch?v=aD7qD2HV028
IJ9dZJWBZc4,"Episode 62: The Rational Round Up: Tax Loss Selling, Gold, Michael Burry and More!",2019-09-05T09:45:50Z,2123,1601.33,0.1225,79.42,https://www.youtube.com/watch?v=IJ9dZJWBZc4
PhKbRpiM9e8,Episode 63: Tim Nash: Sustainable Investing: A Philosophical and Environmental Perspective on Your Money,2019-09-12T09:40:22Z,971,1637.52,-0.2270,35.84,https://www.youtube.com/watch?v=PhKbRpiM9e8
CJ6Mrrbvxzg,Episode 64: Back to the Basics: Dividends and Explaining Factors to Benjamin’s Mom.,2019-09-19T09:36:59Z,4049,1721.52,0.3714,95.16,https://www.youtube.com/watch?v=CJ6Mrrbvxzg
o5oot8BFnGA,Episode 65: Dr. Wendall Mascarenhas: Investing Based on the Evidence Pyramid: A Few Lessons from the Medical Profession.,2019-09-26T09:40:16Z,1008,1799.36,-0.2517,31.48,https://www.youtube.com/watch?v=o5oot8BFnGA
boyh1qRlTj0,"Episode 66: Asset Allocation Funds, Private Equity IPOs, and The Efficient Market Hypothesis.",2019-10-03T09:36:06Z,1013,1872.56,-0.2668,30.27,https://www.youtube.com/watch?v=boyh1qRlTj0
QLfnrpMN78A,Episode 67: Jill Schlesinger: The Pursuit of Finances and Fun,2019-10-10T09:36:25Z,747,1893.66,-0.4040,14.53,https://www.youtube.com/watch?v=QLfnrpMN78A
M89Wgn_qItU,"Episode 68: This Week's Questions and Answers: Investment Ratios, Risk 101, Sustainability, Longevity, and More!",2019-10-17T09:38:20Z,1446,1982.73,-0.1371,51.82,https://www.youtube.com/watch?v=M89Wgn_qItU
qgborXpwknA,Episode 69: Wes Gray: Quantitative Investing: The Solution to Human Bias,2019-10-24T09:45:36Z,3672,1963.59,0.2719,89.83,https://www.youtube.com/watch?v=qgborXpwknA
XLTeXH1RQYs,"Episode 70: Fee-only Financial Planning, Home Country Bias, and Big RRSPs",2019-10-31T09:38:21Z,2408,2042.18,0.0716,74.33,https://www.youtube.com/watch?v=XLTeXH1RQYs
o6_YvcACWJA,Episode 71: Dave Nadig: Everything that you could ever know about ETFs,2019-11-07T10:38:50Z,2064,2075.49,-0.0024,66.34,https://www.youtube.com/watch?v=o6_YvcACWJA
SSgYaUG0JZU,"Episode 72: Interest Rates, Optimal Asset Location, and Reverse Mortgages",2019-11-14T10:37:05Z,1602,2119.68,-0.1216,53.75,https://www.youtube.com/watch?v=SSgYaUG0JZU
FqTmwQS3U08,Episode 73: The Loonie Doctor: Finance for Physicians: Personal Finance for High Income Earners,2019-11-21T10:37:57Z,1572,2115.38,-0.1289,53.03,https://www.youtube.com/watch?v=FqTmwQS3U08
fKV5_C3xxZ4,"Episode 74: Playing with FIRE, Having a Belief System, and Term Life Insurance",2019-11-28T10:39:00Z,1574,2227.44,-0.1508,49.39,https://www.youtube.com/watch?v=fKV5_C3xxZ4
MxJ5NF3G-Js,Episode 75: Daniel Crosby: Money & Behaviour: Understanding Investing from a Psychological Perspective,2019-12-05T10:37:24Z,1356,2575.18,-0.2785,28.33,https://www.youtube.com/watch?v=MxJ5NF3G-Js
dteDjiDy1LU,"Episode 19: Shane Parrish: Decision Making: Mental Models, Knowing Your Variables, and Achieving Positive Outcomes",2019-12-07T19:39:26Z,1928,2565.80,-0.1241,53.51,https://www.youtube.com/watch?v=dteDjiDy1LU
KdmNBYV0zww,Episode 12: Doug McKenzie: Living through the financial crisis,2019-12-07T19:39:45Z,648,2586.79,-0.6012,2.66,https://www.youtube.com/watch?v=KdmNBYV0zww
L0JI-rWPG3Y,Episode 14: Martin Parizeau: An inside look at Canadian consumer debt,2019-12-07T19:39:56Z,912,2582.46,-0.4520,9.69,https://www.youtube.com/watch?v=L0JI-rWPG3Y
RQqJeqkb9eo,Episode 11: Robb Engen: Simple vs. Complex,2019-12-07T19:40:05Z,1305,2576.02,-0.2953,25.91,https://www.youtube.com/watch?v=RQqJeqkb9eo
aYZWSBafxGI,Episode 15: Brenda Bartlett: Dimensional Advanced Conference 2018,2019-12-07T19:40:10Z,504,2589.15,-0.7107,1.21,https://www.youtube.com/watch?v=aYZWSBafxGI
PTAWjs3gJTU,"Episode 20: The Cost of Financial Advice: Should You Pay For It and If You Do, How Much Should You Pay For It?",2019-12-07T19:40:36Z,980,2581.34,-0.4206,12.83,https://www.youtube.com/watch?v=PTAWjs3gJTU
vs0oiC_AwVQ,Episode 16: Market Volatility,2019-12-07T19:40:52Z,851,2583.46,-0.4823,6.78,https://www.youtube.com/watch?v=vs0oiC_AwVQ
8f_mZuoKItM,"Episode 18: Mark Sutcliffe: A Passion for Ottawa: Running, Luck, and the Ovarian Lottery",2019-12-07T19:40:58Z,373,2591.30,-0.8418,0.48,https://www.youtube.com/watch?v=8f_mZuoKItM
i07SLsPsUTE,Episode 17: Dan Solin: Evidence Based Investing: Sticking to Science When It Comes To Your Money,2019-12-07T19:41:03Z,1953,2565.39,-0.1185,54.48,https://www.youtube.com/watch?v=i07SLsPsUTE
d8ZHkCOr8fU,Episode 13: Unaffordable housing,2019-12-07T19:41:12Z,1464,2573.41,-0.2450,33.17,https://www.youtube.com/watch?v=d8ZHkCOr8fU
c-VNfp-32dg,"Episode 76: Risk Parity, Rental Properties, and the Smith Maneuver",2019-12-12T11:52:46Z,2954,2697.64,0.0394,71.67,https://www.youtube.com/watch?v=c-VNfp-32dg
sz1FE0W_vxM,Episode 77: Mark Goodfield: The Ins and Outs of Estate Planning: Making the Right Arrangements.,2019-12-19T10:37:16Z,944,2795.34,-0.4715,7.99,https://www.youtube.com/watch?v=sz1FE0W_vxM
LofcPuT9znc,Episode 78: 2019 Retrospective: A Review and Discussion of the Year's Guest Episodes,2019-12-26T10:37:52Z,793,2823.44,-0.5515,3.63,https://www.youtube.com/watch?v=LofcPuT9znc
0fO3vD7NK3Q,Episode 79: Marlena Lee: Financial Theory in Practice: Gaining Insight from Models,2020-01-02T10:41:08Z,1789,2987.64,-0.2227,36.56,https://www.youtube.com/watch?v=0fO3vD7NK3Q
AlgaIyjK3Qc,"Episode 80: A Planning Checklist, Portfolio Concentration, and Leverage",2020-01-09T13:02:07Z,6721,2961.07,0.3560,93.95,https://www.youtube.com/watch?v=AlgaIyjK3Qc
Br1s7JTpRLk,Episode 81: Kim Melanson: Death and Marriage: The Legal Side of Financial Planning (in Ontario),2020-01-16T10:36:42Z,941,3082.07,-0.5153,4.60,https://www.youtube.com/watch?v=Br1s7JTpRLk
Ab9du_hjOpw,"Episode 82: Sustainable Investing, Retiring on Index Funds, and Fee Location",2020-01-23T10:41:43Z,1969,3103.36,-0.1976,40.44,https://www.youtube.com/watch?v=Ab9du_hjOpw
rMTgX-346g8,Episode 83: Michael Sonnenshein: Bitcoin vs. Gold: Digital Currencies as an Asset Class,2020-01-30T10:40:32Z,1769,3450.74,-0.2902,27.12,https://www.youtube.com/watch?v=rMTgX-346g8
Z_9VzM0-cvA,"Episode 84: Mawer, The Value Premium, and Investing Costs plus  ESG Follow-up with Tim Nash",2020-02-06T10:42:40Z,1880,3579.52,-0.2797,27.85,https://www.youtube.com/watch?v=Z_9VzM0-cvA
iu58YIB43n0,Episode 85: Dennis Moseley Williams: Growth of the Experience Economy: A Transformation of the Financial Services Industry,2020-02-13T10:41:06Z,851,3573.39,-0.6232,1.94,https://www.youtube.com/watch?v=iu58YIB43n0
wARzWl9rQjs,"Episode 86: Uninsurable Condos, Floundering Robo Advisors, and Counterfactual Thinking",2020-02-20T10:39:23Z,1722,3602.95,-0.3206,22.28,https://www.youtube.com/watch?v=wARzWl9rQjs
JG0wrhtJWb0,Episode 87: Allison Schrager: Risk is Everywhere,2020-02-27T10:38:22Z,1332,3835.03,-0.4593,9.20,https://www.youtube.com/watch?v=JG0wrhtJWb0
mVOF_in9EtA,"Episode 88: Market Drops, Biological Age, and FIRE any Time",2020-03-05T10:40:40Z,1757,3861.92,-0.3420,18.64,https://www.youtube.com/watch?v=mVOF_in9EtA
Y4Qa4UVoTYk,Episode 89: Wade Pfau: Safety-First: A Sensible Approach to Retirement Income Planning,2020-03-12T09:42:26Z,7074,3794.43,0.2705,89.35,https://www.youtube.com/watch?v=Y4Qa4UVoTYk
4Yp40n8TLbc,Episode 90: COVID-19: A Rational Reminder,2020-03-15T23:43:18Z,3387,3835.26,-0.0540,61.74,https://www.youtube.com/watch?v=4Yp40n8TLbc
Qq9vomXPLPM,"Episode 90- Part 2: Bear Markets: Always Different, Always the Same",2020-03-23T09:41:15Z,2646,3854.53,-0.1634,46.73,https://www.youtube.com/watch?v=Qq9vomXPLPM
tAZu775ZM7M,Episode 91: Robinson Smith: Tax Efficiency & Leverage: The Smith Maneuver,2020-03-26T09:39:44Z,7131,3827.67,0.2702,89.10,https://www.youtube.com/watch?v=tAZu775ZM7M
uZYmbsd_aBA,Episode 92: Taking Back your Amygdala and Flourishing Through a Crisis Featuring Dr. Moira Somers and Dave Goetsch,2020-04-02T09:39:06Z,1368,3976.52,-0.4634,8.96,https://www.youtube.com/watch?v=uZYmbsd_aBA
1v_NOLc02Hk,"Episode 93: Cliff Asness from AQR: The Impact of Stories, Behaviour and Risk",2020-04-09T09:46:15Z,8115,3906.21,0.3175,92.25,https://www.youtube.com/watch?v=1v_NOLc02Hk
67cKzG1IoTk,"Episode 94: The Stock Market vs. The Economy, and Assessing Risk Tolerance",2020-04-16T09:40:49Z,2617,4016.82,-0.1861,42.62,https://www.youtube.com/watch?v=67cKzG1IoTk
5OFp9ukdt38,"Episode 95: Scott Rieckens (Playing with FIRE): Finding Financial Education, Perspective, and Freedom",2020-04-23T09:41:12Z,4122,4023.80,0.0105,68.77,https://www.youtube.com/watch?v=5OFp9ukdt38
8WQ-Aui6wv0,Episode 96: Ben Rabidoux: A Reality Check on Canadian Real Estate & Macro Economics,2020-04-30T09:42:46Z,2903,4071.61,-0.1469,50.12,https://www.youtube.com/watch?v=8WQ-Aui6wv0
tWN_Fw5rLvI,Episode 97: Greg Zuckerman: Did Jim Simons (Renaissance Technologies) Solve the Market?,2020-05-07T09:38:23Z,4353,4179.39,0.0177,69.98,https://www.youtube.com/watch?v=tWN_Fw5rLvI
eVlqOid4GAI,"Episode 98: Rapid Fire Listener Questions, Wealthsimple's Victory Lap, and the Historic State of Value Investing",2020-05-14T09:30:05Z,2561,4275.82,-0.2226,36.80,https://www.youtube.com/watch?v=eVlqOid4GAI
Q5_GcalZ2nw,Episode 99: Andrew Hallam (Millionaire Teacher): How to be Wealthy (and Happy),2020-05-21T09:40:45Z,8509,4228.15,0.3037,91.53,https://www.youtube.com/watch?v=Q5_GcalZ2nw
ExwkCw11RWo,Episode 100: Prof. Kenneth French: Expect the Unexpected,2020-05-28T10:40:44Z,21603,4060.43,0.7259,99.52,https://www.youtube.com/watch?v=ExwkCw11RWo
3wzDp6ahvpU,"Episode 101: Factor Nuances, Dollar Cost Averaging, and Annuities in a Pandemic",2020-06-04T22:47:11Z,11232,4940.47,0.3567,94.19,https://www.youtube.com/watch?v=3wzDp6ahvpU
2K4pycKOS2o,Episode 102: Dr. Brian Portnoy: Underwriting a Meaningful Life,2020-06-11T14:51:37Z,4331,5158.55,-0.0759,59.56,https://www.youtube.com/watch?v=2K4pycKOS2o
vW7MQevj60U,"Episode 103: Picking an Active Manager, Raising the OAS Clawback Ceiling, and Trading Hertz",2020-06-18T19:00:14Z,2109,5837.41,-0.4421,10.90,https://www.youtube.com/watch?v=vW7MQevj60U
CBBVfJieaSQ,Episode 104: Fred Vettese: A Complete Guide to Retirement Income,2020-06-25T10:00:05Z,11853,7214.73,0.2156,85.23,https://www.youtube.com/watch?v=CBBVfJieaSQ
AVIq47Z0XOo,"Episode 105: Dimensional's ETFs, Private Equity, and Prescribed Rate Loans",2020-07-03T12:01:19Z,4757,7445.61,-0.1946,41.40,https://www.youtube.com/watch?v=AVIq47Z0XOo
G1kKktotDGM,Episode 106: Dr. Jim Stanford: The Economics of Capitalism in a Crisis,2020-07-09T09:30:01Z,3639,7482.46,-0.3131,23.24,https://www.youtube.com/watch?v=G1kKktotDGM
qsJ9odanKvs,"Episode 107: Yale vs. Norway, Income Splitting, and Avoiding Ponzi Schemes",2020-07-16T09:30:07Z,3140,7599.78,-0.3839,15.98,https://www.youtube.com/watch?v=qsJ9odanKvs
haLGx8KlFvk,Episode 108: Dr. William Bernstein: Praying for a Bear Market,2020-07-23T09:30:05Z,23642,7310.48,0.5097,97.82,https://www.youtube.com/watch?v=haLGx8KlFvk
lLyCZ26ONB8,"Episode 109: Understanding the Fed’s Money Printer, and Lessons from the Crisis",2020-07-30T09:30:01Z,10563,7665.38,0.1393,79.90,https://www.youtube.com/watch?v=lLyCZ26ONB8
OYu93vS9HCk,Episode 110: Craig Alexander: No Crisis Should Ever go to Waste,2020-08-06T09:30:01Z,2377,7855.96,-0.5192,4.36,https://www.youtube.com/watch?v=OYu93vS9HCk
UDHJh8CXTVQ,"Episode 111: Gold, Insuring your Insurance, and Bank Sales Pitches",2020-08-13T09:30:03Z,4345,8073.50,-0.2691,29.78,https://www.youtube.com/watch?v=UDHJh8CXTVQ
5dbPdCdFRrs,Episode 112: Michael Kitces: Retirement Research and the Business of Financial Advice,2020-08-20T09:30:00Z,14947,7926.62,0.2755,90.07,https://www.youtube.com/watch?v=5dbPdCdFRrs
_eojZ3KdBa4,"Episode 113: Mega Cap Growth Stocks (FAAMG, TSLA), RESP Withdrawals, and a Golden Portfolio",2020-08-27T09:30:03Z,4188,8242.44,-0.2940,26.63,https://www.youtube.com/watch?v=_eojZ3KdBa4
c7wASFc4ylA,Episode 114: Patricia Lovett-Reid: Financial Wellness in a Crisis,2020-09-03T10:37:47Z,2171,8443.70,-0.5899,2.91,https://www.youtube.com/watch?v=c7wASFc4ylA
pWNZv2SKYDg,"Episode 115: Actively Managed Funds vs. COVID-19, Behavioral Nudges, and a Sustainable Investing Update",2020-09-10T09:30:03Z,2639,8377.12,-0.5017,5.57,https://www.youtube.com/watch?v=pWNZv2SKYDg
tHYNhaXMD4Y,Episode 116: Mark Hebner: Recovering from Active Management through Education,2020-09-17T09:30:02Z,4503,8467.48,-0.2743,29.06,https://www.youtube.com/watch?v=tHYNhaXMD4Y
DZDadt8ETxg,"Episode 117: A Message from the Bank of Canada, and Safe Withdrawal Rates with Factor Tilts",2020-09-24T09:30:00Z,4330,8529.55,-0.2944,26.39,https://www.youtube.com/watch?v=DZDadt8ETxg
INPS9gyZnj0,Episode 118: Victor Ricciardi: The Psychology of Investing — Bounded Rationality,2020-10-01T09:30:00Z,3205,8616.80,-0.4295,11.86,https://www.youtube.com/watch?v=INPS9gyZnj0
bM4toQwVzBU,"Episode 119: The Stock Market vs. Elections, and Incentives in Financial Planning",2020-10-08T09:30:04Z,2695,8575.96,-0.5027,5.33,https://www.youtube.com/watch?v=bM4toQwVzBU
ZU2VOXH2PI4,Episode 120: Annie Duke: How to Decide,2020-10-15T09:30:01Z,5603,8782.39,-0.1952,40.92,https://www.youtube.com/watch?v=ZU2VOXH2PI4
c2QMkY8vuRs,Episode 121: Day Trading and Overconfidence,2020-10-22T09:30:01Z,4105,8796.98,-0.3310,20.34,https://www.youtube.com/watch?v=c2QMkY8vuRs
529qY1f64gc,Episode 122: Prof. Moshe Milevsky: Solving the Retirement Equation,2020-10-29T09:30:00Z,10089,8739.55,0.0624,73.12,https://www.youtube.com/watch?v=529qY1f64gc
vEwwtjDo1dU,"Episode 123: (Irrationally) Investing in Technological Revolutions, Household CFO Job Analysis, and Learning to Sell Mutual Funds",2020-11-05T19:00:00Z,5692,9105.33,-0.2040,38.74,https://www.youtube.com/watch?v=vEwwtjDo1dU
e1niAJWEtdY,Episode 124: Prof. Lubos Pastor: Equilibrium Models vs. Intuition,2020-11-12T10:30:02Z,4612,9404.80,-0.3095,23.73,https://www.youtube.com/watch?v=e1niAJWEtdY
RreCrm0DxFM,"Episode 125: (Rationally) Investing in Technological Revolutions, Human Capital, and Asset Allocation",2020-11-19T15:37:38Z,4437,9455.47,-0.3286,21.07,https://www.youtube.com/watch?v=RreCrm0DxFM
1wxTVjHLqwM,Episode 126: Dr. Brian Portnoy and Josh Brown: Beyond the Orthodoxy - How Financial Pros Invest,2020-11-26T18:39:27Z,6181,9249.47,-0.1751,44.07,https://www.youtube.com/watch?v=1wxTVjHLqwM
OTOuWyoAKZo,"Episode 127: Fooled by Dividends, and the Future of Financial Planning Research",2020-12-03T10:30:01Z,7175,9146.33,-0.1054,56.17,https://www.youtube.com/watch?v=OTOuWyoAKZo
NSaRb-iFwPA,Episode 128: Morgan Housel: The Psychology of Money,2020-12-10T10:30:01Z,33344,8657.33,0.5856,98.55,https://www.youtube.com/watch?v=NSaRb-iFwPA
zlexP0hIprg,Episode 129: Five Factor Investing with ETFs,2020-12-17T10:30:03Z,80780,7746.43,1.0182,100.00,https://www.youtube.com/watch?v=zlexP0hIprg
aDHBxjDheJk,Episode 130: A Year in Review,2020-12-24T10:30:00Z,6468,9344.63,-0.1598,47.46,https://www.youtube.com/watch?v=aDHBxjDheJk
g_I6fZVN9a8,"Episode 131: David Booth: The First Index Fund, Competing Fiercely, and Keeping it Simple",2021-01-07T10:30:07Z,6308,9423.92,-0.1743,45.04,https://www.youtube.com/watch?v=g_I6fZVN9a8
uZi4QE_EfCw,Episode 132: Cullen Roche: Understanding the Modern Monetary System,2021-01-14T10:30:03Z,8006,9519.46,-0.0752,59.81,https://www.youtube.com/watch?v=uZi4QE_EfCw
3B6uRerTK_A,"Episode 133: Adriana Robertson: ""Passive"" Investing, and What Matters to Investors",2021-01-21T10:30:01Z,6435,9183.40,-0.1545,48.18,https://www.youtube.com/watch?v=3B6uRerTK_A
-ECXBMhmLNk,"Episode 134: The IPO Lottery, Planning for Wellness, and Talking Cents",2021-01-28T15:53:15Z,3223,9169.58,-0.4541,9.44,https://www.youtube.com/watch?v=-ECXBMhmLNk
_nYTrCxluaY,Episode 135: William Bengen: The 5% Rule for Retirement Spending,2021-02-04T10:30:03Z,13696,8985.83,0.1830,83.29,https://www.youtube.com/watch?v=_nYTrCxluaY
LhluPwDaNAQ,Episode 136: Chasing Top Fund Managers,2021-02-11T17:00:23Z,4980,9160.73,-0.2647,30.51,https://www.youtube.com/watch?v=LhluPwDaNAQ
FKmDcX_hn8c,Episode 137: David Blanchett: Researching Retirement,2021-02-18T10:30:01Z,6364,8923.77,-0.1468,50.36,https://www.youtube.com/watch?v=FKmDcX_hn8c
Val9CqkqmvM,Episode 138: Factor Investing in Fixed Income,2021-02-25T20:11:32Z,9803,8940.62,0.0400,71.91,https://www.youtube.com/watch?v=Val9CqkqmvM
S-NjkP_xLA4,"Episode 139: Prof. Jay Ritter: IPOs, SPACs, and the Hot Issue Market of 2020",2021-03-04T10:30:04Z,4213,9295.35,-0.3437,18.40,https://www.youtube.com/watch?v=S-NjkP_xLA4
XtCVp7xsh-c,Episode 140: Where do Stock Returns Come From?,2021-03-11T16:20:00Z,9769,9227.44,0.0248,70.46,https://www.youtube.com/watch?v=XtCVp7xsh-c
xMm9n89c_Cs,Episode 141: Hal Hershfield: The Psychology of Long-term Decision Making,2021-03-18T10:26:07Z,4178,9435.15,-0.3538,17.43,https://www.youtube.com/watch?v=xMm9n89c_Cs
7zuqz3xy__0,Episode 142: What is Financial Advice?,2021-03-25T19:11:49Z,4518,9466.21,-0.3212,22.03,https://www.youtube.com/watch?v=7zuqz3xy__0
Tv28TRn_NfU,Episode 143: Ashley Whillans: How to be (Time) Rich,2021-04-01T09:30:02Z,5604,9476.85,-0.2282,35.59,https://www.youtube.com/watch?v=Tv28TRn_NfU
NXo3c7sEiQA,"Episode 144: ""Buy the Dip""",2021-04-08T15:28:52Z,15640,9734.67,0.2059,84.75,https://www.youtube.com/watch?v=NXo3c7sEiQA
SjfafEca-b8,Episode 145: Jennifer Risher: Talking About Money,2021-04-15T09:30:04Z,3339,10024.79,-0.4775,7.75,https://www.youtube.com/watch?v=SjfafEca-b8
MOA4-FBKsUY,Episode 146: Do Expected Stock Returns Wear a CAPE?,2021-04-23T09:30:04Z,6073,10138.02,-0.2225,37.05,https://www.youtube.com/watch?v=MOA4-FBKsUY
-SPAYhKKDDY,Episode 147: Paul Merriman: We're Talking Millions,2021-04-29T09:30:01Z,17879,9858.10,0.2585,88.14,https://www.youtube.com/watch?v=-SPAYhKKDDY
aTi7fjAZz1c,Episode 148: Investing in Happiness,2021-05-06T09:30:01Z,16155,10312.83,0.1949,84.26,https://www.youtube.com/watch?v=aTi7fjAZz1c
YsWgWrpzdAM,Episode 149: Prof. Robert Novy-Marx: The Other Side of Value,2021-05-13T09:30:05Z,10817,10433.71,0.0157,69.73,https://www.youtube.com/watch?v=YsWgWrpzdAM
_f0dns9fHFs,Episode 150: The Ultimate Inflation Hedge,2021-05-21T20:45:27Z,13253,10358.62,0.1070,77.72,https://www.youtube.com/watch?v=_f0dns9fHFs
tBZtfueSQ1o,Episode 151: Prof. Brad Cornell: A Skeptic’s Look at the Cross Section of Expected Returns,2021-05-27T09:30:13Z,7172,10537.42,-0.1671,46.25,https://www.youtube.com/watch?v=tBZtfueSQ1o
Zaas2mK9AXU,Episode 152: Evaluating Systematic Equity Strategies,2021-06-03T21:36:04Z,6539,10740.21,-0.2155,37.53,https://www.youtube.com/watch?v=Zaas2mK9AXU
tovq49UhiJQ,"Episode 153: Prof. Johanna Peetz: Personal Spending, Time Perception, and Close Relationships",2021-06-10T09:30:14Z,4911,10203.35,-0.3176,22.52,https://www.youtube.com/watch?v=tovq49UhiJQ
Rpm-zF9n5Bw,Episode 154: Renting vs. Buying a Home: How to Decide,2021-06-18T14:49:14Z,15853,8401.90,0.2757,90.31,https://www.youtube.com/watch?v=Rpm-zF9n5Bw
yLxnAZUVeBo,Episode 155: Don Ezra: Planning for Life After Full Time Work,2021-06-24T09:30:14Z,8164,8577.79,-0.0215,64.65,https://www.youtube.com/watch?v=yLxnAZUVeBo
750PC7fRCc8,Episode 156: Climate Change vs. The Stock Market,2021-07-01T09:30:01Z,3957,8613.29,-0.3378,18.89,https://www.youtube.com/watch?v=750PC7fRCc8
Dl6whcnrl_w,Episode 158: Loss Harvesting and the Myth of Tax Alpha,2021-07-15T09:30:06Z,5940,8528.29,-0.1571,47.94,https://www.youtube.com/watch?v=Dl6whcnrl_w
qEUmBZSjNqk,Episode 159: Bill Schultheis: Build Wealth and Get on With Your Life,2021-07-22T09:30:05Z,6688,8607.56,-0.1096,54.96,https://www.youtube.com/watch?v=qEUmBZSjNqk
7DcH-aBeQaw,Episode 160: Day Trading in 2020: Did Free Trading Change Everything?,2021-07-29T09:30:01Z,4030,8722.81,-0.3354,19.85,https://www.youtube.com/watch?v=7DcH-aBeQaw
JBbZIDb-47Y,Episode 161: Prof. Katy Milkman: How to Change your Financial Habits,2021-08-05T09:30:05Z,4024,8611.65,-0.3304,20.58,https://www.youtube.com/watch?v=JBbZIDb-47Y
7i8D0fPzATg,Episode 162: How to Select a (Good) Financial Advisor,2021-08-12T09:30:02Z,4957,8608.04,-0.2397,33.90,https://www.youtube.com/watch?v=7i8D0fPzATg
toUmwo-mhjM,Episode 163: Dave Plecha: The Long and Short of Investing in Bonds,2021-08-19T09:30:17Z,8436,8520.38,-0.0043,66.10,https://www.youtube.com/watch?v=toUmwo-mhjM
umJvMGOu6DY,Episode 164: Comprehensive Overview: The 4% Rule,2021-08-26T09:30:06Z,13608,8278.77,0.2158,85.47,https://www.youtube.com/watch?v=umJvMGOu6DY
vzyhEL6bcYU,Episode 165: Gordon Irlam: (Near) Optimal Retirement Planning using Machine Learning,2021-09-02T09:30:08Z,4935,8377.63,-0.2298,34.62,https://www.youtube.com/watch?v=vzyhEL6bcYU
npG173SHoCQ,Episode 166: Lessons from 100+ Years of Global Stock Returns,2021-09-13T18:51:21Z,8882,8386.06,0.0250,70.70,https://www.youtube.com/watch?v=npG173SHoCQ
86bOJeu4BZA,"Episode 167: Prof. Hersh Shefrin: Fear, Hope, and the Psychology of Investing",2021-09-16T10:33:20Z,6161,8527.47,-0.1412,51.33,https://www.youtube.com/watch?v=86bOJeu4BZA
d4RODhiNsxM,Episode 168: A Replication Crisis and a Housing Crisis,2021-09-24T14:46:07Z,4802,8530.47,-0.2496,31.72,https://www.youtube.com/watch?v=d4RODhiNsxM
gbaCOB6CZ6E,Episode 169: Prof. John Cochrane: (Modern) Modern Portfolio Theory,2021-09-30T09:30:14Z,25106,8358.94,0.4776,96.85,https://www.youtube.com/watch?v=gbaCOB6CZ6E
GpTRkL7LKIY,Episode 170: Are Homeowners Happier than Renters?,2021-10-07T09:30:04Z,7228,8470.37,-0.0689,60.53,https://www.youtube.com/watch?v=GpTRkL7LKIY
RSwctXnMnrw,Episode 171: Prof. Campbell R. Harvey: The Past and Future of Finance,2021-10-14T09:30:03Z,12274,8658.71,0.1515,80.39,https://www.youtube.com/watch?v=RSwctXnMnrw
iGVtB0V9EgQ,Episode 172: Is the Debate Over Renting vs. Buying a Home Really Over? Featuring Rob Carrick,2021-10-21T09:30:11Z,8459,8728.14,-0.0136,65.38,https://www.youtube.com/watch?v=iGVtB0V9EgQ
DH1pJwRn-gQ,Episode 173: Antonio Picca: From Index Investing to Factor Investing at Vanguard,2021-10-28T09:30:04Z,25795,8216.78,0.4968,97.34,https://www.youtube.com/watch?v=DH1pJwRn-gQ
_J8Mhyjcbtw,"Episode 174: The ""Good Company is a Good Investment"" Fallacy",2021-11-05T17:13:34Z,5076,8612.55,-0.2296,35.11,https://www.youtube.com/watch?v=_J8Mhyjcbtw
_nkf_oEXEZE,Episode 175: Robin Taub: The Wisest Investment: Teaching Kids About Money,2021-11-11T10:30:10Z,3269,8601.27,-0.4201,13.08,https://www.youtube.com/watch?v=_nkf_oEXEZE
VqNPRMMlgIE,Episode 176: Is the Value Premium Smaller Than We Thought? Featuring Mathias Hasler,2021-11-18T10:30:05Z,8682,9130.45,-0.0219,64.16,https://www.youtube.com/watch?v=VqNPRMMlgIE
PQlojhsNTfA,Episode 177: Dr. Anna Lembke: Dopamine & Decision-Making,2021-11-25T10:30:03Z,16276,9029.35,0.2559,87.89,https://www.youtube.com/watch?v=PQlojhsNTfA
65ug05JtgcY,Episode 178: Are Inflation Concerns Inflated?,2021-12-02T10:30:00Z,5947,9270.47,-0.1928,42.13,https://www.youtube.com/watch?v=65ug05JtgcY
epQv_MN7euE,"Episode 179: Prof. Marco Di Maggio: Crypto, DeFi, and Monetary Policy",2021-12-09T10:30:19Z,5252,9500.60,-0.2574,30.75,https://www.youtube.com/watch?v=epQv_MN7euE
hwQNwRvWKBo,Episode 180: Is Canada Really in a Housing Bubble?,2021-12-16T10:30:08Z,7222,9212.24,-0.1057,55.93,https://www.youtube.com/watch?v=hwQNwRvWKBo
8ruca22sGC4,Episode 181: A Year in Review,2021-12-23T10:30:01Z,6110,9128.08,-0.1743,45.04,https://www.youtube.com/watch?v=8ruca22sGC4
C3kl-AiKUbs,Episode 182: John 'Mac' McQuown: The Data Will Sort That Out,2022-01-06T10:30:02Z,3604,9102.42,-0.4024,14.77,https://www.youtube.com/watch?v=C3kl-AiKUbs
hrG_VBlmEEw,Episode 183: Market Efficiency Myths and Misconceptions,2022-01-13T10:30:07Z,10988,8877.68,0.0926,76.76,https://www.youtube.com/watch?v=hrG_VBlmEEw
hBY-ifsYpUU,Episode 184: Robin Wigglesworth: The Story of Index Funds,2022-01-20T10:30:13Z,6097,9120.32,-0.1749,44.55,https://www.youtube.com/watch?v=hBY-ifsYpUU
libTTDzmVGw,Episode 185: Lighting your Money on Fire with Thematic ETFs,2022-01-27T10:30:14Z,8354,8989.66,-0.0318,62.71,https://www.youtube.com/watch?v=libTTDzmVGw
Nw3kYks2gHo,"Episode 186: Andrew Hallam: Balancing Money, Relationships, Health, and Purpose",2022-02-03T10:30:04Z,5740,8971.39,-0.1939,41.65,https://www.youtube.com/watch?v=Nw3kYks2gHo
vOW_0JlFU6c,Episode 187: How to Set Financial Goals (and Reading Challenge Launch w/ Heather Reisman),2022-02-10T10:30:18Z,5635,8917.30,-0.1993,39.71,https://www.youtube.com/watch?v=vOW_0JlFU6c
7QNFKrEODCE,Episode 188: Prof. Ayelet Fishbach: The Science of Motivation,2022-02-17T10:30:01Z,3378,8998.69,-0.4255,12.35,https://www.youtube.com/watch?v=7QNFKrEODCE
oQHomt8WWIs,Episode 189: Regret (and How to Read More w/ Neil Pasricha),2022-02-24T10:30:12Z,3032,8859.40,-0.4657,8.72,https://www.youtube.com/watch?v=oQHomt8WWIs
1WQ45rnHeok,"Special Episode: Stocks, Bonds, and War",2022-02-28T19:42:50Z,5631,8652.48,-0.1866,42.37,https://www.youtube.com/watch?v=1WQ45rnHeok
Sxa6W8ZPfMY,Episode 190: Leonard Mlodinow: Emotions are Rational,2022-03-03T10:30:05Z,3336,8747.92,-0.4187,13.80,https://www.youtube.com/watch?v=Sxa6W8ZPfMY
WtwLdbIyNVM,Episode 191: Emerging Markets: Diversifying Asset or a Reverse Lottery? (plus Reading Habits w/ Morgan Housel),2022-03-10T10:30:05Z,19179,8529.75,0.3519,93.70,https://www.youtube.com/watch?v=WtwLdbIyNVM
yhAttVIUvqQ,Episode 192: Prof. Alex Edmans: Growing the Pie: A Different Take on ESG,2022-03-17T09:30:07Z,3306,8736.25,-0.4220,12.59,https://www.youtube.com/watch?v=yhAttVIUvqQ
5YrL2BR0MNM,Episode 193: (Modern) Modern Portfolio Theory (plus The Importance of Reading w/ Larry Swedroe),2022-03-24T09:30:01Z,17503,8435.59,0.3170,92.01,https://www.youtube.com/watch?v=5YrL2BR0MNM
tgT8FPG2udY,Episode 194: Bill Janeway: Investing in the Innovation Economy,2022-03-31T09:30:10Z,3222,8331.94,-0.4126,14.04,https://www.youtube.com/watch?v=tgT8FPG2udY
y98H3_LE8qc,Episode 195: Common Misconceptions Among Beginner Investors,2022-04-07T09:30:10Z,17614,8142.40,0.3351,92.49,https://www.youtube.com/watch?v=y98H3_LE8qc
CmcEHtDpHn8,"Episode 196: Sebastien Betermier: Hedging, Sentiment, and the Cross-Section of Equity Premia",2022-04-14T09:30:03Z,5660,8238.01,-0.1630,47.22,https://www.youtube.com/watch?v=CmcEHtDpHn8
x1EQhVvDZIs,Episode 197: The Immortality of Bonds,2022-04-21T09:30:09Z,10158,8223.42,0.0918,76.51,https://www.youtube.com/watch?v=x1EQhVvDZIs
EJMDLS6xCz8,Episode 198: Gerard O’Reilly: Deep Dive with Dimensional’s co-CEO & CIO,2022-04-28T09:30:02Z,14829,7934.22,0.2716,89.59,https://www.youtube.com/watch?v=EJMDLS6xCz8
jo1m9v0xWcY,Episode 199: What Happens after Bonds Crash? (plus Reading Habits w/ Aydin Mirzaee),2022-05-05T20:56:01Z,8457,8252.76,0.0106,69.01,https://www.youtube.com/watch?v=jo1m9v0xWcY
LLbQux2OZjk,Episode 200: Prof. Eugene Fama,2022-05-12T09:30:02Z,44596,7819.40,0.7561,99.76,https://www.youtube.com/watch?v=LLbQux2OZjk
8r-VBAkKZrY,Episode 201: The Relevance of Dividend Irrelevance,2022-05-19T09:30:03Z,9812,8360.94,0.0695,73.85,https://www.youtube.com/watch?v=8r-VBAkKZrY
8MQv5IM3A60,Episode 202: Antti Ilmanen: The Building Blocks of Long-Run Returns,2022-05-26T09:30:01Z,8025,8407.96,-0.0202,64.89,https://www.youtube.com/watch?v=8MQv5IM3A60
EwMF_ndAKzk,Episode 203: S*** (Misguided) Financial Advisors Say,2022-06-02T09:30:03Z,8044,8605.13,-0.0293,63.20,https://www.youtube.com/watch?v=EwMF_ndAKzk
tIMw-WE6eFs,Understanding Crypto 1: Daniel Mescheder: What Problem Do Blockchains Actually Solve?,2022-06-03T09:30:16Z,16949,8472.22,0.3011,91.28,https://www.youtube.com/watch?v=tIMw-WE6eFs
aATTir2euM0,Episode 204: Prof. John A. List: Improving the World with Economics,2022-06-09T10:15:42Z,3798,8887.22,-0.3692,16.71,https://www.youtube.com/watch?v=aATTir2euM0
K8KmOuHDJ8M,Understanding Crypto 2: Prof. Igor Makarov: Economics of the Crypto Ecosystem,2022-06-10T09:30:04Z,8819,8812.28,0.0003,66.59,https://www.youtube.com/watch?v=K8KmOuHDJ8M
TfLbpZs08W8,"Episode 205: Tech vs. Value, and Private Equity vs. Public Equity",2022-06-16T09:30:04Z,5932,8834.09,-0.1730,45.28,https://www.youtube.com/watch?v=TfLbpZs08W8
gWqEQ5pBeDg,"Understanding Crypto 3: Prof. Eswar Prasad: Bitcoin, Banking, and the Future of Money",2022-06-17T09:30:15Z,5956,8833.73,-0.1712,45.76,https://www.youtube.com/watch?v=gWqEQ5pBeDg
sm4ch5_UnHk,Episode 206: Prof. Vanessa Bohns: You Have More Influence Than You Think,2022-06-23T09:30:17Z,3264,9003.96,-0.4407,11.38,https://www.youtube.com/watch?v=sm4ch5_UnHk
rEJJr6zaOeM,Understanding Crypto 4: Prof. Tobin Hanspal: The Characteristics of Crypto Investors,2022-06-24T09:30:10Z,5078,8976.88,-0.2474,32.69,https://www.youtube.com/watch?v=rEJJr6zaOeM
5RB2FofPYzc,Episode 207: What is Money? (plus Reading Habits w/ Dan Solin),2022-06-30T09:30:00Z,6159,8967.10,-0.1631,46.97,https://www.youtube.com/watch?v=5RB2FofPYzc
VaC49ua1XOg,Understanding Crypto 5: Stephen Diehl: The Case Against Crypto,2022-07-01T09:30:05Z,12923,8867.63,0.1636,81.84,https://www.youtube.com/watch?v=VaC49ua1XOg
rMYVfQdNva4,Episode 208: Rebecca Walker: Women Talk Money,2022-07-07T09:30:10Z,2404,9189.78,-0.5824,3.15,https://www.youtube.com/watch?v=rMYVfQdNva4
yWU-KsAhLkE,"Understanding Crypto 6: Bruce Schneier: Security, Trust, and Blockchain",2022-07-08T09:30:16Z,7437,9115.76,-0.0884,57.14,https://www.youtube.com/watch?v=yWU-KsAhLkE
mbUxAOuL3nY,Episode 209: Optimal Allocations to Owned Housing & Gender Equality in Financial Planning,2022-07-14T09:30:08Z,3209,9487.85,-0.4708,8.23,https://www.youtube.com/watch?v=mbUxAOuL3nY
abcKL_x_aoA,Understanding Crypto 7: Nicholas Weaver: A Computer Scientist's Perspective on Cryptocurrencies and Blockchain,2022-07-15T09:30:02Z,21296,9221.87,0.3635,94.67,https://www.youtube.com/watch?v=abcKL_x_aoA
VcZzRoKwe6g,"Episode 210: Prof. Ludovic Phalippou: Private Equity, Under the Hood",2022-07-21T09:30:08Z,4221,9461.75,-0.3506,17.92,https://www.youtube.com/watch?v=VcZzRoKwe6g
OfcHqqrudh4,Understanding Crypto 8: Tim O'Reilly: How does Web3 Compare to Web 2.0?,2022-07-22T09:30:05Z,3608,9470.76,-0.4191,13.56,https://www.youtube.com/watch?v=OfcHqqrudh4
DtpHX_bx3iA,Episode 211: Stocks for the Long Run...? (plus Reading Habits w/ Mark Sutcliffe),2022-07-28T09:30:05Z,5967,9400.47,-0.1974,40.68,https://www.youtube.com/watch?v=DtpHX_bx3iA
z36Oj39TwGs,Understanding Crypto 9: Prof. Campbell R. Harvey: DeFi and the Future of Finance (Rebroadcast),2022-07-29T09:30:12Z,3355,9438.88,-0.4492,9.93,https://www.youtube.com/watch?v=z36Oj39TwGs
_aEC2nhrPFc,Episode 212: Prof. Ralph Koijen: Demand System Asset Pricing & Inelastic Markets,2022-08-04T09:30:14Z,5336,9426.12,-0.2471,32.93,https://www.youtube.com/watch?v=_aEC2nhrPFc
aBVyh2nVAek,Understanding Crypto 10: Prof. Hilary Allen: DeFi: Shadow Banking 2.0?,2022-08-05T09:30:00Z,5242,9427.50,-0.2549,30.99,https://www.youtube.com/watch?v=aBVyh2nVAek
ukgE8oX-4lE,Episode 213: Expected Returns and Factor Investing,2022-08-11T09:30:10Z,16914,9284.54,0.2605,88.38,https://www.youtube.com/watch?v=ukgE8oX-4lE
2LFi6EFE730,Understanding Crypto 11: Quinn DuPont: Understanding Crypto: An Interdisciplinary Approach,2022-08-12T09:30:00Z,3147,9487.00,-0.4792,7.26,https://www.youtube.com/watch?v=2LFi6EFE730
wTp9zJmK698,Episode 214: Jay Van Bavel: Shared Identities and Decision Making,2022-08-18T09:30:09Z,2299,9619.84,-0.6216,2.18,https://www.youtube.com/watch?v=wTp9zJmK698
Z0laVac5pjU,Understanding Crypto 12: David Gerard: Crypto Realities,2022-08-19T13:43:46Z,11326,9487.09,0.0769,74.58,https://www.youtube.com/watch?v=Z0laVac5pjU
6ekoBfQF4pw,Episode 215: Asynchronous Work & Effective Equity Duration (plus Reading Habits w/ Harley Finkelstein),2022-08-25T09:30:01Z,3870,9614.53,-0.3952,15.50,https://www.youtube.com/watch?v=6ekoBfQF4pw
pD5aVbUGMvI,Understanding Crypto 13: Prof. William Magnuson: Blockchain and Democracy,2022-08-26T09:30:09Z,3205,9624.31,-0.4775,7.75,https://www.youtube.com/watch?v=pD5aVbUGMvI
Qq69bTBWnQE,"Episode 216: Gus Sauter: Vanguard's Former CIO on Indexing, Active Management, and Private Equity",2022-09-01T09:30:08Z,7483,9759.81,-0.1154,54.72,https://www.youtube.com/watch?v=Qq69bTBWnQE
mAB2eHwmRTY,"Understanding Crypto 14: Prof. John Cochrane: Money, (Fiscal) Inflation, and Political Freedom",2022-09-02T09:30:07Z,11675,9697.24,0.0806,75.06,https://www.youtube.com/watch?v=mAB2eHwmRTY
7xmiVd9JbHI,Episode 217: The Expected Returns of Financial Literacy,2022-09-08T09:30:01Z,7959,9550.42,-0.0792,58.60,https://www.youtube.com/watch?v=7xmiVd9JbHI
-CTloP-B61A,Understanding Crypto 15: Prof. Vili Lehdonvirta: Cryptocracy: The Obfuscation of Power,2022-09-09T09:30:00Z,4633,9600.06,-0.3164,22.76,https://www.youtube.com/watch?v=-CTloP-B61A
g3R2moi3gp4,Episode 218: Colleen Ammerman: Gender and Human Capital,2022-09-15T09:30:11Z,2418,9721.51,-0.6043,2.42,https://www.youtube.com/watch?v=g3R2moi3gp4
PO2uNx7RdJU,Understanding Crypto 16: Chris DeRose: Uncensored Crypto Perspectives,2022-09-16T09:30:04Z,5474,9675.90,-0.2474,32.69,https://www.youtube.com/watch?v=PO2uNx7RdJU
wDi7rkNcb1A,Episode 219: Expected Returns for Alternative Asset Classes (plus Reading Habits w/ David Senra),2022-09-22T09:30:19Z,6017,9598.36,-0.2028,38.98,https://www.youtube.com/watch?v=wDi7rkNcb1A
VkeQbrxRSXs,Understanding Crypto 17: Ari Juels: The Technical Case for Blockchain,2022-09-23T09:30:07Z,6299,9594.15,-0.1827,43.34,https://www.youtube.com/watch?v=VkeQbrxRSXs
XOWdKXGXBho,"Episode 220: Jonathan Berk and Jules van Binsbergen: The Arithmetic of Active Management, Revisited",2022-09-29T09:30:12Z,8921,9579.01,-0.0309,62.95,https://www.youtube.com/watch?v=XOWdKXGXBho
fDxPFIXP3u8,Episode 221: Permanent Life Insurance,2022-10-06T09:30:07Z,6726,9399.09,-0.1453,50.61,https://www.youtube.com/watch?v=fDxPFIXP3u8
SrYHwuqvlZw,Episode 222: Cassie Holmes: Being Happier,2022-10-13T09:30:06Z,11979,9291.10,0.1104,77.97,https://www.youtube.com/watch?v=SrYHwuqvlZw
PCzeB-W0WTM,Episode 223: A Financial Goals Master List (n=310),2022-10-20T09:30:08Z,11090,9257.30,0.0784,74.82,https://www.youtube.com/watch?v=PCzeB-W0WTM
411fKAh05pk,"Episode 224: Prof. Scott Cederburg: Long-Horizon Losses in Stocks, Bonds, and Bills",2022-10-27T09:30:00Z,20046,8990.45,0.3482,93.46,https://www.youtube.com/watch?v=411fKAh05pk
m9PXPjAQVeg,"Episode 225: The Index Fund ""Tipping Point""",2022-11-03T09:30:08Z,10373,9414.66,0.0421,72.15,https://www.youtube.com/watch?v=m9PXPjAQVeg
RwYDx68L7DY,Episode 226: Colonel Chris Hadfield: An Astronaut's Guide to Life on Earth,2022-11-10T10:30:12Z,10181,8863.48,0.0602,72.88,https://www.youtube.com/watch?v=RwYDx68L7DY
7IeoBc4lhU8,Episode 227: Who Should Invest in (Cap Weighted) Index Funds?,2022-11-17T10:30:01Z,17639,8835.04,0.3003,91.04,https://www.youtube.com/watch?v=7IeoBc4lhU8
k2DHFPIeY5c,Episode 228: Eduardo Repetto: Deep Dive with Avantis Investors' CIO,2022-11-24T10:30:16Z,19177,8764.88,0.3400,92.98,https://www.youtube.com/watch?v=k2DHFPIeY5c
Fny-pvZS-lo,Episode 229: The 2% (!?) Rule for Retirement Spending,2022-12-01T10:30:05Z,19906,8624.74,0.3632,94.43,https://www.youtube.com/watch?v=Fny-pvZS-lo
m1pcHjTndE8,"Episode 230: Prof. Robert Frank: Success, Luck, and Luxury",2022-12-08T10:30:07Z,5796,8883.34,-0.1854,43.10,https://www.youtube.com/watch?v=m1pcHjTndE8
V_Ls9RM0pTQ,Episode 231: Investing Basics and Common Questions  (plus Reading Habits w/ Amer Kaissi),2022-12-15T10:30:06Z,14823,8768.64,0.2280,86.68,https://www.youtube.com/watch?v=V_Ls9RM0pTQ
QcB-zu0_YhI,Episode 232: Dr. Annamaria Lusardi: The Economic Importance of Financial Literacy,2022-12-22T10:30:10Z,9393,9178.57,0.0100,68.28,https://www.youtube.com/watch?v=QcB-zu0_YhI
VJ249J1AI5c,Episode 233: A Year in Review,2022-12-29T10:30:11Z,14991,9128.81,0.2154,84.99,https://www.youtube.com/watch?v=VJ249J1AI5c
rmYGZvmYknk,"Episode 234: Prof. Robert C. Merton: ICAPM, Retirement, and Models in Finance",2023-01-05T10:30:12Z,32062,9004.98,0.5515,98.31,https://www.youtube.com/watch?v=rmYGZvmYknk
oQqyJI8xUmk,Episode 235: Top Learnings from 2022 (plus 23 in 23 special guest Shaun Tomson),2023-01-12T10:30:12Z,5334,9361.92,-0.2443,33.41,https://www.youtube.com/watch?v=oQqyJI8xUmk
zKlmgA4P4ME,"Episode 236: Harold Geller: ""I Sue Financial Advisors""",2023-01-19T10:30:27Z,5933,9437.24,-0.2016,39.23,https://www.youtube.com/watch?v=zKlmgA4P4ME
crUSc46jaaw,"Episode 237: Who are you, and who do you want to be?",2023-01-26T10:30:08Z,6853,9516.05,-0.1426,51.09,https://www.youtube.com/watch?v=crUSc46jaaw
xaQse9MomOA,Episode 238: Prof. Ralph Keeney: Decision Analysis and Value-focused Thinking,2023-02-02T10:30:15Z,7586,9554.79,-0.1002,56.42,https://www.youtube.com/watch?v=xaQse9MomOA
Jb58vM0mpd4,Episode 239: The Math of Financial Planning,2023-02-09T10:30:05Z,11563,9396.79,0.0901,76.27,https://www.youtube.com/watch?v=Jb58vM0mpd4
pFc-s93S6Ls,Episode 240: Prof. Eric J. Johnson: Choice Architecture and Financial Decisions,2023-02-16T10:30:12Z,4242,9569.20,-0.3533,17.68,https://www.youtube.com/watch?v=pFc-s93S6Ls
q0I8m7JqmKY,Episode 241: Basic Personal Finance Concepts,2023-02-23T10:30:25Z,12699,9557.02,0.1234,79.66,https://www.youtube.com/watch?v=q0I8m7JqmKY
dCw31uKTOlI,Episode 242: Erica Alini: Personal Finance Tactics for the Real World,2023-03-02T10:30:16Z,5626,9609.74,-0.2325,34.38,https://www.youtube.com/watch?v=dCw31uKTOlI
vDv-yETvN2g,Episode 243: The Role of Debt in Financial Planning,2023-03-09T10:30:14Z,9228,9658.00,-0.0198,65.13,https://www.youtube.com/watch?v=vDv-yETvN2g
0IJvatT5hno,Episode 244: Charles D. Ellis: The Loser's Game,2023-03-16T09:30:00Z,12851,9750.00,0.1199,78.93,https://www.youtube.com/watch?v=0IJvatT5hno
LZUsNQ7-Bt8,"Episode 245: Deeper Goals, and Retiring with Purpose",2023-03-23T09:30:04Z,4830,10156.44,-0.3228,21.79,https://www.youtube.com/watch?v=LZUsNQ7-Bt8
VxqTrTyIQoQ,Episode 246: Daniel H. Pink: How to Use Regret,2023-03-30T09:30:08Z,3364,10153.72,-0.4798,7.02,https://www.youtube.com/watch?v=VxqTrTyIQoQ
XBeu0TK5meQ,"Episode 247: Bank Runs (plus Jonathan Clements on ""My Money Journey"")",2023-04-06T09:30:10Z,3678,10152.68,-0.4410,11.14,https://www.youtube.com/watch?v=XBeu0TK5meQ
eY1jV4sE7KE,Episode 248: Prof. William Goetzmann: Learning from Financial Market History,2023-04-13T09:30:08Z,7004,9959.48,-0.1529,48.91,https://www.youtube.com/watch?v=eY1jV4sE7KE
RkT-yXj0FTs,Episode 249: What are financial advisors (measurably) useful for?,2023-04-20T09:30:05Z,5906,9658.65,-0.2136,37.77,https://www.youtube.com/watch?v=RkT-yXj0FTs
PhQAV1vzuAU,Episode 250: Prof. John Y. Campbell: Financial Decisions for Long-term Investors,2023-04-27T09:30:14Z,27206,9024.90,0.4792,97.09,https://www.youtube.com/watch?v=PhQAV1vzuAU
QHwoMWLStIE,Episode 251: Covered Calls (Plus Robin Powell and Jonathan Hollow on How to Fund the Life You Want),2023-05-04T09:30:11Z,7475,9535.50,-0.1057,55.93,https://www.youtube.com/watch?v=QHwoMWLStIE
QegL2JPp5_g,Episode 252: Prof. Burton Malkiel: 50 Years of A Random Walk Down Wall Street,2023-05-11T09:30:06Z,15365,9271.12,0.2194,85.96,https://www.youtube.com/watch?v=QegL2JPp5_g
-TkQCMHb3Qo,Episode 253: Complex Financial Instruments with Prof. Paul Calluzzo (Plus Sean Silcoff on Losing the Signal),2023-05-18T09:30:00Z,4862,9199.42,-0.2769,28.57,https://www.youtube.com/watch?v=-TkQCMHb3Qo
SOz7hPRpmYI,"Episode 254: David Blanchett: Regret Optimized Portfolios, and Optimal Retirement Income",2023-05-25T09:30:06Z,7708,8868.90,-0.0609,61.26,https://www.youtube.com/watch?v=SOz7hPRpmYI
zgSLPctgPWM,Episode 255: Structured Products (Plus Just Keep Buying with Nick Maggiulli),2023-06-01T09:30:18Z,6691,8581.00,-0.1080,55.45,https://www.youtube.com/watch?v=zgSLPctgPWM
4MScdCLUxXI,Episode 256: Prof. Hal Hershfield: Your Future Self,2023-06-08T09:30:01Z,4691,8787.40,-0.2726,29.30,https://www.youtube.com/watch?v=4MScdCLUxXI
i4k6TZi6Cdc,"Episode 257: Giorgio Ugazio (Mr. RIP): Life Design, In Progress",2023-06-15T09:30:10Z,19969,8370.18,0.3776,95.64,https://www.youtube.com/watch?v=i4k6TZi6Cdc
WlIKRx3YL2g,Episode 258: Prof. Meir Statman: Financial Decisions for Normal People,2023-06-22T09:30:08Z,12416,8431.62,0.1681,82.32,https://www.youtube.com/watch?v=WlIKRx3YL2g
qe1C6NDYh3s,Episode 259: Comprehensive Overview: Estimating Expected Returns,2023-06-29T09:30:23Z,10230,8749.08,0.0679,73.61,https://www.youtube.com/watch?v=qe1C6NDYh3s
ZgpXxPvGagA,Episode 260: Prof. James Choi: Practical Finance,2023-07-06T09:30:14Z,10188,8311.10,0.0884,76.03,https://www.youtube.com/watch?v=ZgpXxPvGagA
u3CdNeVLFdw,Episode 261: Structured Products with Felix Fattinger and Petra Vokata & Jill Schlesinger,2023-07-13T09:30:16Z,3510,8561.86,-0.3873,15.74,https://www.youtube.com/watch?v=u3CdNeVLFdw
EPMVXl3FvYo,Episode 262: Prof. Francisco Gomes: Consumption and Portfolio Choice over the Life Cycle,2023-07-20T09:30:03Z,5376,8505.42,-0.1992,39.95,https://www.youtube.com/watch?v=EPMVXl3FvYo
H0UG6FfpNIk,Episode 263: A Tribute to Harry Markowitz with Alex Potts & 7 Steps to a Better Portfolio with Edward Goodfellow,2023-07-27T09:30:07Z,4003,8507.42,-0.3274,21.31,https://www.youtube.com/watch?v=H0UG6FfpNIk
w1_Vz4FDcZ4,"Episode 264: Pim van Vliet: The Volatility Effect, Revisited",2023-08-03T09:30:27Z,5635,8946.64,-0.2008,39.47,https://www.youtube.com/watch?v=w1_Vz4FDcZ4
XrrPUjfoMH0,Episode 265:  5% HISA... for the Long-run? (Plus Stoicism with Michael Tremblay),2023-08-10T09:30:08Z,6390,9042.46,-0.1508,49.39,https://www.youtube.com/watch?v=XrrPUjfoMH0
YXoRFFdq9I0,Episode 266: Prof. Cass Sunstein: Practical Reason in Ordinary Life,2023-08-17T09:30:14Z,5305,9098.28,-0.2343,34.14,https://www.youtube.com/watch?v=YXoRFFdq9I0
qVHT2PEEuDg,Episode 267: The (Expected) Cost of Pessimism (Plus Matthew Dicks on the Value of Storytelling),2023-08-24T09:30:12Z,5322,9031.02,-0.2297,34.87,https://www.youtube.com/watch?v=qVHT2PEEuDg
NLS1Ol4dkWc,"Episode 268: Itzhak Ben-David: ETFs, Investor Behavior, and Hedge Fund Fees",2023-08-31T09:30:07Z,9094,9022.38,0.0034,67.31,https://www.youtube.com/watch?v=NLS1Ol4dkWc
Wq4n_41ykIo,Episode 269: Preet Banerjee: A Multi-Dimensional Analysis of the Value of Financial Advice,2023-09-07T09:30:19Z,6549,8971.72,-0.1367,52.06,https://www.youtube.com/watch?v=Wq4n_41ykIo
0Mlb_iHAugM,Episode 270: What Happened to All the Billionaires? with Victor Haghani and James White,2023-09-14T09:30:00Z,14867,8680.90,0.2337,86.92,https://www.youtube.com/watch?v=0Mlb_iHAugM
T1Ku9qh89Lc,Episode 271: Expected Returns of the AI Revolution (plus People are Lying to you About Money w/ Anthony Walsh),2023-09-21T09:30:16Z,7319,8798.12,-0.0799,58.35,https://www.youtube.com/watch?v=T1Ku9qh89Lc
BKWvjemAzow,Episode 272: Rob Carrick: Canadian Personal Finance in 2023,2023-09-28T09:30:06Z,6988,9200.16,-0.1194,54.24,https://www.youtube.com/watch?v=BKWvjemAzow
CHxNpN-2lmw,"Episode 273: Professor Samuel Hartzmark: Asset Pricing, Behavioural Finance, and Sustainability Rankings",2023-10-05T09:30:04Z,5645,9215.94,-0.2129,38.01,https://www.youtube.com/watch?v=CHxNpN-2lmw
suJ50icWGd4,Episode 274: A Live 5-Year Rational Reminder Retrospective (and Creating Superfans with Brittany Hodak),2023-10-12T09:30:27Z,3784,9942.30,-0.4195,13.32,https://www.youtube.com/watch?v=suJ50icWGd4
adbOiIKIidM,Episode 275:  Live from Future Proof 2023: Decoding Financial Decision-Making with Hal Hershfield,2023-10-12T15:46:03Z,825,10001.48,-1.0836,0.00,https://www.youtube.com/watch?v=adbOiIKIidM
CfnmeTTK-6A,"Episode 276: Darin Soat: The Problem with Finfluencers, and Why it Won’t Get Better Anytime Soon",2023-10-26T09:30:04Z,16172,9129.53,0.2483,87.65,https://www.youtube.com/watch?v=CfnmeTTK-6A
pFINe2AL1X4,"Episode 277: The Cash Wedge w/ Phil Briggs, and the Four Ds of Tax Planning",2023-11-02T09:30:12Z,4852,9675.78,-0.2998,25.42,https://www.youtube.com/watch?v=pFINe2AL1X4
S4tHWZIvxZ0,"Episode 278: Juhani Linnainmaa: Financial Advisors, and the Cross Section of Returns",2023-11-09T12:02:20Z,3551,9786.88,-0.4403,11.62,https://www.youtube.com/watch?v=S4tHWZIvxZ0
drTZpDHz_Yw,"Episode 279: Stock Returns in Recessions, and FSRA's Approach to Regulation",2023-11-16T10:30:16Z,5497,9731.80,-0.2481,32.20,https://www.youtube.com/watch?v=drTZpDHz_Yw
kspEzVKvWHs,Episode 280: Shane Parrish: Clear Thinking in Everyday Life,2023-11-23T10:30:24Z,4494,9748.39,-0.3363,19.61,https://www.youtube.com/watch?v=kspEzVKvWHs
5-C79sLpRUs,"Episode 281: Lifecycle Asset Allocation, and Retiring Successfully with Justin King",2023-11-30T10:30:03Z,14116,9624.06,0.1664,82.08,https://www.youtube.com/watch?v=5-C79sLpRUs
V2RjL2UoW2k,Episode 282: Dr. Jim Grubman: The Psychology of Wealth,2023-12-07T10:30:08Z,9240,9760.98,-0.0238,63.68,https://www.youtube.com/watch?v=V2RjL2UoW2k
VqAmlzEtTag,"Episode 283: When Volatility is Risk, and Introducing The Money Scope Podcast",2023-12-14T10:30:07Z,4912,9662.84,-0.2938,26.88,https://www.youtube.com/watch?v=VqAmlzEtTag
y3UK1kc0ako,Episode 284: Prof. Scott Cederburg: Challenging the Status Quo on Lifecycle Asset Allocation,2023-12-21T10:30:17Z,28678,9091.47,0.4989,97.58,https://www.youtube.com/watch?v=y3UK1kc0ako
FG889fVNXvE,Episode 285: A Year in Review,2023-12-28T10:30:03Z,10121,9369.35,0.0335,71.43,https://www.youtube.com/watch?v=FG889fVNXvE
D0l-yIdkZ7Q,Episode 286: Errol Morris: Tuning out the Noise,2024-01-04T10:30:04Z,11194,9257.31,0.0825,75.30,https://www.youtube.com/watch?v=D0l-yIdkZ7Q
tXodKIdmU5g,Episode 287: A Practical Look at Private Equity w/ Steve Balaban & Epic Life w/ Justin Breen,2024-01-11T10:30:27Z,4977,9408.82,-0.2766,28.81,https://www.youtube.com/watch?v=tXodKIdmU5g
PotBhUGm0MA,Episode 288 - Scott Rick: Navigating the Money Minefield in Real Relationships,2024-01-18T10:30:10Z,5580,9447.00,-0.2287,35.35,https://www.youtube.com/watch?v=PotBhUGm0MA
r5dkfCYhB0M,Episode 289 - Retiring Retirement Income Myths with the Retirement Income Dream Team,2024-01-25T10:30:16Z,31179,8999.57,0.5396,98.06,https://www.youtube.com/watch?v=r5dkfCYhB0M
XHHETGUlD_A,Episode 290 - Morgan Housel: Same as Ever,2024-02-01T10:30:12Z,17109,9338.16,0.2630,88.86,https://www.youtube.com/watch?v=XHHETGUlD_A
jwDrUKY_Rcs,"Episode 291 - The Quant Winter, and is Canada Pension Plan a Scam?",2024-02-08T10:30:22Z,5948,9661.67,-0.2107,38.50,https://www.youtube.com/watch?v=jwDrUKY_Rcs
DfasR5p7YJI,Episode 292 - Rob Copeland: Ray Dalio and Bridgewater,2024-02-15T10:30:10Z,9353,9585.37,-0.0107,65.62,https://www.youtube.com/watch?v=DfasR5p7YJI
UKmokXWoDsI,Episode 293 - Eric Balchunas: Spot Bitcoin ETFs,2024-02-22T10:30:12Z,8966,9566.86,-0.0282,63.44,https://www.youtube.com/watch?v=UKmokXWoDsI
689WzTHSFF4,Episode 294 - Dan Harris: 10% Happier,2024-02-29T10:30:03Z,4150,9724.78,-0.3698,16.46,https://www.youtube.com/watch?v=689WzTHSFF4
cZtfSoOKC3U,"Episode 295 - Home Country Bias, Seg Funds, and Todd Rogers on Writing for Busy Readers",2024-03-07T10:30:18Z,6628,9672.22,-0.1641,46.49,https://www.youtube.com/watch?v=cZtfSoOKC3U
AUu0DSHM0Bk,Epidose 296 - Adam Alter: The Anatomy of a Breakthrough,2024-03-14T09:30:03Z,3143,9545.71,-0.4825,6.54,https://www.youtube.com/watch?v=AUu0DSHM0Bk
3uRZ7OggSAw,Episode 297 - Do Stocks Return 10-12% On Average? & Zero to Millionaire with Nicolas Bérubé,2024-03-21T09:30:01Z,23135,9206.55,0.4002,96.13,https://www.youtube.com/watch?v=3uRZ7OggSAw
vR3TKbxaaSM,Episode 298 - Randall Stutman: Admired Leadership for Financial Decision-Making,2024-03-28T09:30:24Z,3124,9729.20,-0.4934,5.81,https://www.youtube.com/watch?v=vR3TKbxaaSM
GlmzhT6Xblw,Episode 299 - The Most Important Lessons in Investing,2024-04-04T09:30:07Z,41461,9024.88,0.6622,98.79,https://www.youtube.com/watch?v=GlmzhT6Xblw
VWjiQlHDe1s,Episode 300 - Abby Sussman: Financial Judgment and Decision Making,2024-04-11T09:30:07Z,6414,10044.96,-0.1948,41.16,https://www.youtube.com/watch?v=VWjiQlHDe1s
C66FqW4Bmyc,Episode 301 - Optimal Government Pension Claiming,2024-04-18T09:30:06Z,4005,10007.65,-0.3977,15.25,https://www.youtube.com/watch?v=C66FqW4Bmyc
A8QqKPfQFIw,Bonus Episode - Prof. Meir Statman: A Wealth of Well-Being,2024-04-19T11:00:14Z,3572,10016.14,-0.4478,10.17,https://www.youtube.com/watch?v=A8QqKPfQFIw
ON6U6IMn8GI,Episode 302 - Michael Green: Market Efficiency Is Not The Question,2024-04-25T09:30:09Z,24014,9458.31,0.4047,96.37,https://www.youtube.com/watch?v=ON6U6IMn8GI
DwHuX13W3TE,Episode 303 - Scott Galloway: The Algebra of Wealth,2024-05-02T09:30:04Z,19730,9635.51,0.3113,91.77,https://www.youtube.com/watch?v=DwHuX13W3TE
oawBjZGH0OI,Episode 304 - Budget 2024: The Capital Gains Inclusion Rate,2024-05-09T09:30:11Z,3999,10023.41,-0.3991,15.01,https://www.youtube.com/watch?v=oawBjZGH0OI
_lA921vIsXA,Episode 305 - Is Private Credit Special?,2024-05-16T09:30:10Z,7551,9979.61,-0.1211,54.00,https://www.youtube.com/watch?v=_lA921vIsXA
4h91UY0N_vQ,Episode 306 - Wei Dai: Fighting for Every Basis Point,2024-05-23T09:30:02Z,9972,9933.86,0.0017,67.07,https://www.youtube.com/watch?v=4h91UY0N_vQ
26Kk8fdN3BM,Episode 307 - How Much Life Insurance Do You Need?,2024-05-30T09:30:01Z,6798,9987.16,-0.1671,46.25,https://www.youtube.com/watch?v=26Kk8fdN3BM
dF86cpfAfwE,Episode 308 - Dan Bortolotti: The Canadian Couch Potato,2024-06-06T09:30:16Z,10636,9864.63,0.0327,70.94,https://www.youtube.com/watch?v=dF86cpfAfwE
IMU5eID0zFk,​Episode 309 - Are Robo-Advisors Passive Investors?,2024-06-13T09:30:11Z,7042,9930.86,-0.1493,49.88,https://www.youtube.com/watch?v=IMU5eID0zFk
efHxSMqoZNE,"Episode 310 - Professor Antoinette Schoar: Consumer Finance, Crypto, and Private Equity",2024-06-20T14:05:18Z,5845,9722.71,-0.2210,37.29,https://www.youtube.com/watch?v=efHxSMqoZNE
YHoqbSVhH_Y,Episode 311 - Is Roaring Kitty a Good Role Model?,2024-06-27T09:30:18Z,5547,9653.25,-0.2406,33.66,https://www.youtube.com/watch?v=YHoqbSVhH_Y
rudYGFHczcc,Episode 312 - Prof. John M. Griffin: Forensic Finance and the Power of Research,2024-07-04T09:30:28Z,5020,9654.63,-0.2840,27.60,https://www.youtube.com/watch?v=rudYGFHczcc
TPpGN_Ls15g,Episode 313 - When Should You Hire a Financial Advisor?,2024-07-11T09:30:11Z,7926,9619.82,-0.0841,57.87,https://www.youtube.com/watch?v=TPpGN_Ls15g
glxaljVdpaA,Episode 314 - Professor Valentin Haddad: How Competitive is the Stock Market?,2024-07-18T09:30:22Z,6783,9663.51,-0.1537,48.67,https://www.youtube.com/watch?v=glxaljVdpaA
OlCuIJ6ow-c,Episode 315 - An Update from Avantis with Eduardo Repetto,2024-07-25T09:30:06Z,8833,9326.00,-0.0236,63.92,https://www.youtube.com/watch?v=OlCuIJ6ow-c
DLbz3vKdZxM,"Episode 316 - Andrew Chen: ""Is everything I was taught about cross-sectional asset pricing wrong?!""",2024-08-01T09:30:05Z,11728,9060.35,0.1121,78.45,https://www.youtube.com/watch?v=DLbz3vKdZxM
hR8uXX2rhNs,Episode 317 - An Economist's Perspective on Capital Gains Taxes with Kevin Milligan,2024-08-08T09:30:21Z,4819,9171.43,-0.2795,28.09,https://www.youtube.com/watch?v=hR8uXX2rhNs
Vbdet4uFPZ4,Episode 318 - Assia Billig: Is Canada Pension Plan (CPP) Sustainable?,2024-08-15T09:30:13Z,3991,9502.41,-0.3768,16.22,https://www.youtube.com/watch?v=Vbdet4uFPZ4
ZyJlxgyQraQ,Episode 319 - The Ultimate RRSP vs. TFSA Showdown,2024-08-22T09:30:23Z,12332,9346.32,0.1204,79.18,https://www.youtube.com/watch?v=ZyJlxgyQraQ
sp-JPNqtelE,Episode 320 - Kyla Scanlon: In This Economy?!,2024-08-29T09:30:27Z,6346,9550.82,-0.1775,43.83,https://www.youtube.com/watch?v=sp-JPNqtelE
nKFD43QmNGc,Episode 321 - Evidence in Practice with Håkon Kavli,2024-09-05T09:30:30Z,4930,9723.10,-0.2950,26.15,https://www.youtube.com/watch?v=nKFD43QmNGc
P3tnNZwFbzw,Episode 322 - Prof. Marco Sammon: How are Passive Investors Affecting the Stock Market?,2024-09-12T09:30:12Z,10014,9894.04,0.0052,67.55,https://www.youtube.com/watch?v=P3tnNZwFbzw
z_7qoXNWDc0,Episode 323 - Renting Versus Buying a Home in Canada 2005-2024,2024-09-19T09:30:30Z,13632,9461.66,0.1586,81.11,https://www.youtube.com/watch?v=z_7qoXNWDc0
_FiCAzbfgvA,Episode 324 - Dr. Bryan Taylor: Lessons from Market History (1600-2024),2024-09-26T09:30:14Z,8062,9711.58,-0.0808,58.11,https://www.youtube.com/watch?v=_FiCAzbfgvA
zNno78PYNQ0,Episode 325 - Addressing 200+ Comments on Renting vs. Owning a Home,2024-10-03T09:30:22Z,11541,9252.16,0.0960,77.00,https://www.youtube.com/watch?v=zNno78PYNQ0
DEPvWgKmldg,Episode 326 - Dr. Sunil Wahal: Exploring the Nuances of Financial Science,2024-10-10T09:30:05Z,5733,9663.22,-0.2267,36.08,https://www.youtube.com/watch?v=DEPvWgKmldg
tSQ5W-Oz9qY,Episode 327 - Building Better Portfolios with Don Calcagni,2024-10-17T09:30:30Z,8165,9776.67,-0.0782,58.84,https://www.youtube.com/watch?v=tSQ5W-Oz9qY
n4mROJG0juE,Episode 328 - Prof. Stephen R. Foerster: Pursuing the Perfect Portfolio,2024-10-24T09:30:17Z,9605,9438.43,0.0076,67.80,https://www.youtube.com/watch?v=n4mROJG0juE
3ySMsytWh48,"Episode 329 - Optimal Education Savings, Withdrawals, and Asset Allocation",2024-10-31T09:30:01Z,7603,9250.45,-0.0852,57.63,https://www.youtube.com/watch?v=3ySMsytWh48
ccpPLNy7xfM,Episode 330 - Davidson Heath: How Are Index Funds Affecting Financial Markets and Corporate Governance?,2024-11-07T10:30:30Z,6815,9379.39,-0.1387,51.57,https://www.youtube.com/watch?v=ccpPLNy7xfM
htd8Ab4rLBQ,"Episode 331 - Cameron in Norway: The Indexing Revolution, and Key Lessons from Past Guests",2024-11-14T10:30:18Z,4582,9377.49,-0.3110,23.49,https://www.youtube.com/watch?v=htd8Ab4rLBQ
qy7SlWI6PlQ,Episode 332 - Randolph Cohen & Michael Green: How Concerned Should We Be About Index Funds?,2024-11-21T10:30:31Z,13660,9145.14,0.1743,82.81,https://www.youtube.com/watch?v=qy7SlWI6PlQ
A1VYbfrbhZg,Episode 333 - The Presidential Puzzle: Trump's Win and Expected Stock Returns,2024-11-28T10:30:04Z,6829,9321.41,-0.1351,52.30,https://www.youtube.com/watch?v=A1VYbfrbhZg
lmTcKDfXD2k,Episode 334 - Magnus Reitan: Managing (Significant) Family Wealth,2024-12-05T10:30:18Z,4696,9464.41,-0.3044,24.94,https://www.youtube.com/watch?v=lmTcKDfXD2k
ohQvbUmH1zQ,"Episode 335 - ""What About Warren Buffett?""",2024-12-12T10:30:18Z,16865,9248.33,0.2609,88.62,https://www.youtube.com/watch?v=ohQvbUmH1zQ
8TxJ-p9cXQY,Episode 336 - Steve Utkus: Investor Beliefs and Financial Advice,2024-12-19T10:30:04Z,6281,9460.63,-0.1779,43.58,https://www.youtube.com/watch?v=8TxJ-p9cXQY
iqcpi_bWChQ,Episode 337 - 2024 Year-End AMA,2024-12-26T10:30:16Z,10737,9421.08,0.0568,72.40,https://www.youtube.com/watch?v=iqcpi_bWChQ
R6KeQzuLARU,Episode 338 - Peter Mladina: Factor Betas and ICAPM in Practice,2025-01-02T10:30:11Z,6108,9661.43,-0.1991,40.19,https://www.youtube.com/watch?v=R6KeQzuLARU
dFM6xbJJ8o8,Episode 339 - 2024 Year-End AMA Pt 2,2025-01-09T10:30:18Z,6665,9622.88,-0.1595,47.70,https://www.youtube.com/watch?v=dFM6xbJJ8o8
-2Ul4bdHkXE,Episode 340 - Ben Mathew: The Lifecycle Model vs. Safe Withdrawal Rates (SWR),2025-01-16T10:30:00Z,16016,9547.55,0.2247,86.44,https://www.youtube.com/watch?v=-2Ul4bdHkXE
7hcnhBT4cVo,Episode 341 - PWL’s Next Chapter,2025-01-23T11:30:05Z,6456,9658.35,-0.1749,44.55,https://www.youtube.com/watch?v=7hcnhBT4cVo
D5aVOl-7otM,Episode 342 - Matthew Ringgenberg: When Do Anomaly Returns Happen?,2025-01-30T10:30:08Z,4704,9558.82,-0.3079,23.97,https://www.youtube.com/watch?v=D5aVOl-7otM
WfI4gIP2AhI,Episode 343 - How to Choose an Asset Allocation,2025-02-06T10:30:20Z,25405,9209.57,0.4407,96.61,https://www.youtube.com/watch?v=WfI4gIP2AhI
xUTde8pCBSQ,Episode 345: AMA #3,2025-02-20T10:30:23Z,8389,9817.06,-0.0683,60.77,https://www.youtube.com/watch?v=xUTde8pCBSQ
NBeUtP28q3A,Episode 346 - Hendrik Bessembinder: Why It's So Hard to Beat the Market,2025-02-27T10:30:12Z,13826,9710.10,0.1535,80.63,https://www.youtube.com/watch?v=NBeUtP28q3A
ntERh6dN2vs,Episode 347: The Case for Index Funds,2025-03-06T10:30:21Z,16774,9603.51,0.2422,87.41,https://www.youtube.com/watch?v=ntERh6dN2vs
GVQauRYl8pw,Episode 348 Andrew Barclay (StatCan): Measuring Inflation,2025-03-13T09:30:08Z,5134,9908.86,-0.2856,27.36,https://www.youtube.com/watch?v=GVQauRYl8pw
8mMcAaz79gg,Episode 349: AMA #4,2025-03-20T09:30:03Z,10050,9718.16,0.0146,69.49,https://www.youtube.com/watch?v=8mMcAaz79gg
iH4f-J6TZsg,Episode 350 - Scott Cederburg: A Critical Assessment of Lifecycle Investment Advice,2025-03-27T09:30:25Z,21969,9504.45,0.3639,94.92,https://www.youtube.com/watch?v=iH4f-J6TZsg
nVKimoQkLAg,Episode 351: DFA vs. Vanguard,2025-04-03T09:30:25Z,21159,9602.12,0.3431,93.22,https://www.youtube.com/watch?v=nVKimoQkLAg
1r7GEJREDQg,Episode 352 - Jessica Moorhouse: Everything But Money,2025-04-10T09:30:00Z,5905,9938.04,-0.2261,36.32,https://www.youtube.com/watch?v=1r7GEJREDQg
G7WKDtW325E,Episode 353: AMA #5,2025-04-17T09:30:07Z,8880,9901.27,-0.0473,62.23,https://www.youtube.com/watch?v=G7WKDtW325E
oAAM5ALubSU,Episode 354 - Jason Pereira: Expert Financial Planning,2025-04-24T09:30:22Z,8517,9912.20,-0.0659,61.02,https://www.youtube.com/watch?v=oAAM5ALubSU
CtjlF4hwv-M,Episode 355: Do Index Funds Incur Adverse Selection Costs?,2025-05-01T09:30:07Z,9529,10012.41,-0.0215,64.65,https://www.youtube.com/watch?v=CtjlF4hwv-M
qJ3juhhiHYM,Episode 356 - Abby Davisson: How to Make Decisions About Money and Love,2025-05-08T09:30:34Z,5225,10331.67,-0.2961,25.67,https://www.youtube.com/watch?v=qJ3juhhiHYM
7hD_G61CbkA,Episode 357: AMA #6,2025-05-15T09:30:04Z,7665,10383.31,-0.1318,52.54,https://www.youtube.com/watch?v=7hD_G61CbkA
Dnd1HshRECA,Episode 358 - Eli Beracha: An Academic Perspective on Renting vs. Owning a Home,2025-05-22T09:30:09Z,8604,10295.48,-0.0779,59.08,https://www.youtube.com/watch?v=Dnd1HshRECA
Kg8R6ovgOb8,Episode 359: The Most Controversial Topics in Personal Finance,2025-05-29T09:30:11Z,15510,10128.96,0.1850,83.78,https://www.youtube.com/watch?v=Kg8R6ovgOb8
q-CJgi-9uws,Episode 360 - Gerard O’Reilly: The Components of Net Returns,2025-06-05T09:30:33Z,8623,10270.40,-0.0759,59.56,https://www.youtube.com/watch?v=q-CJgi-9uws
NGZQXAgDI4Y,"Episode 361: Alex Edmans - Finding ""The Truth"" in Economics, Finance, and Life",2025-06-12T09:30:20Z,5664,10124.31,-0.2522,31.23,https://www.youtube.com/watch?v=NGZQXAgDI4Y
gTxWEl4kSWE,Episode 362: AMA #7,2025-06-19T09:30:34Z,8065,10120.42,-0.0986,56.66,https://www.youtube.com/watch?v=gTxWEl4kSWE
ZZ_bZ-7n6ZM,Episode 363: The (Underappreciated) Risk of Individual Stocks,2025-06-26T09:30:30Z,12168,10059.31,0.0827,75.54,https://www.youtube.com/watch?v=ZZ_bZ-7n6ZM
DMWrfrr9mCE,Episode 364: Martijn Cremers - Is the Conventional Wisdom on Active Management Wrong?,2025-07-03T09:30:07Z,6594,10114.62,-0.1858,42.86,https://www.youtube.com/watch?v=DMWrfrr9mCE
mLHUWp5oHmA,Episode 365: Rob Carrick's Eight Lessons Learned in 27 Years of Covering Personal Finance,2025-07-10T09:30:33Z,12443,10227.08,0.0852,75.79,https://www.youtube.com/watch?v=mLHUWp5oHmA
Yt5O4fCHNBg,Episode 366: Avoiding Investment Scams,2025-07-17T09:30:20Z,4702,10205.90,-0.3366,19.13,https://www.youtube.com/watch?v=Yt5O4fCHNBg
A7ETcstcMfw,Episode 367: AMA #8 + Insurance Needs Analysis with Louai Bibi,2025-07-24T09:30:06Z,5099,10234.90,-0.3026,25.18,https://www.youtube.com/watch?v=A7ETcstcMfw
hQVz_VGJNnY,Episode 368: Jim Rowley & Andy Maack - Implementing Index Funds at Vanguard,2025-07-31T09:30:33Z,8407,10232.75,-0.0854,57.38,https://www.youtube.com/watch?v=hQVz_VGJNnY
XciQkLAEmZQ,Episode 369: The Most Important Quotes in Investing,2025-08-07T09:30:31Z,12803,9749.31,0.1183,78.69,https://www.youtube.com/watch?v=XciQkLAEmZQ
k2pAubfQgC4,Episode 370: Dave Chilton (The Wealthy Barber) - Timeless Financial Advice,2025-08-14T09:30:23Z,16271,9327.72,0.2416,87.17,https://www.youtube.com/watch?v=k2pAubfQgC4
yugCoM_ZPMY,"Episode 371: Banks Sell Products, Not Advice",2025-08-21T09:30:39Z,6542,9327.72,-0.1541,48.43,https://www.youtube.com/watch?v=yugCoM_ZPMY
EpJLGb-PQwA,Episode 372: Elie Hassenfeld - (Approximately) Optimal Philanthropy,2025-08-28T09:30:07Z,2655,9327.72,-0.5457,3.87,https://www.youtube.com/watch?v=EpJLGb-PQwA
xFwkefNabnY,Episode 373: Asset Allocation in Practice,2025-09-04T09:30:37Z,13336,9327.72,0.1553,80.87,https://www.youtube.com/watch?v=xFwkefNabnY
9zrhadWG3M8,Episode 374: David C. Brown - The Underperformance of Target Date Funds,2025-09-11T09:30:11Z,9204,9327.72,-0.0058,65.86,https://www.youtube.com/watch?v=9zrhadWG3M8
6mi4jbBLUvc,Episode 375: Covered Calls: A Devil's Bargain,2025-09-18T09:30:03Z,9509,9327.72,0.0084,68.04,https://www.youtube.com/watch?v=6mi4jbBLUvc
wTBhRVkOSJM,Episode 376: Nick Maggiulli - Climbing The Wealth Ladder,2025-09-25T09:30:38Z,15517,9327.72,0.2210,86.20,https://www.youtube.com/watch?v=wTBhRVkOSJM
G2jayqD08qc,Episode 377: Investing in Your Health,2025-10-02T09:30:09Z,6939,9327.72,-0.1285,53.27,https://www.youtube.com/watch?v=G2jayqD08qc
pXX1y00G5lY,Episode 378: Mark Higgins - Learning from Market History,2025-10-09T09:30:35Z,9338,9327.72,0.0005,66.83,https://www.youtube.com/watch?v=pXX1y00G5lY
V10R5zWM5ls,"Episode 379: AMA #9 – Covered Call ETFs, Currency Hedging, and Bond Misconceptions",2025-10-16T09:30:28Z,9778,9327.72,0.0205,70.22,https://www.youtube.com/watch?v=V10R5zWM5ls
Zso8a5pLW4U,Episode 380: John Y. Campbell - Fixing Personal Finance,2025-10-23T09:30:16Z,13525,9327.72,0.1614,81.36,https://www.youtube.com/watch?v=Zso8a5pLW4U
EiRhwWfJUVw,Episode 381: Investing 101,2025-10-30T09:30:15Z,18155,9327.72,0.2892,90.80,https://www.youtube.com/watch?v=EiRhwWfJUVw
jbNusSprhRY,"Episode 382: Ted Cadsby - The Power of Index Funds, and Being Human",2025-11-06T10:30:34Z,9552,9327.72,0.0103,68.52,https://www.youtube.com/watch?v=jbNusSprhRY
SxNPUrCKOyk,"Episode 384: Mamdouh Medhat - A Profitability Retrospective, and Private Fund Performance",2025-11-20T10:30:21Z,5742,9327.72,-0.2107,38.50,https://www.youtube.com/watch?v=SxNPUrCKOyk
8w5nFh5sjBo,Episode 385: A Case Study on Pension Benefits vs. Commuted Values,2025-11-27T10:30:14Z,4598,9327.72,-0.3072,24.46,https://www.youtube.com/watch?v=8w5nFh5sjBo
Uyux4pBv4sY,Episode 386: Is anyone doing dd? with Aravind Sithamparapillai,2025-12-04T10:30:19Z,6894,9327.72,-0.1313,52.78,https://www.youtube.com/watch?v=Uyux4pBv4sY
xkwfCaJ-5ys,Episode 387: Lessons from The Wealthy Barber (2025),2025-12-11T10:30:46Z,8495,9327.72,-0.0406,62.47,https://www.youtube.com/watch?v=xkwfCaJ-5ys
Jjcjt4vtdW0,"Episode 388: AMA #11 - Your Parents' Advisor, 100% Equity Portfolios, and Investing $10 Billion",2025-12-18T10:30:12Z,11907,9327.72,0.1060,77.48,https://www.youtube.com/watch?v=Jjcjt4vtdW0
8hDsbxmilx4,Episode 389: How the Rational Reminder Podcast is Made,2025-12-25T10:30:12Z,3189,9327.72,-0.4661,8.47,https://www.youtube.com/watch?v=8hDsbxmilx4
ZvO_TFAgMS0,"Episode 390: The ""AI Bubble"" and Stock Market Concentration",2026-01-01T10:30:21Z,17912,9327.72,0.2834,90.56,https://www.youtube.com/watch?v=ZvO_TFAgMS0
UNXl8h8f-ko,Episode 391: How Assumptions Affect Financial Planning Outcomes,2026-01-08T10:30:33Z,7258,9327.72,-0.1090,55.21,https://www.youtube.com/watch?v=UNXl8h8f-ko
gtrrMwd3bEQ,Episode 392: The Rise of ETF Slop,2026-01-15T10:30:28Z,8245,9327.72,-0.0536,61.99,https://www.youtube.com/watch?v=gtrrMwd3bEQ
ePPWdUY0aLc,Episode 393: Engineering Financial Outcomes,2026-01-22T10:30:27Z,7909,9327.72,-0.0717,60.05,https://www.youtube.com/watch?v=ePPWdUY0aLc
ObHZU0rRnYo,Episode 394: Equal Weight vs. Market Cap Weight Index Funds,2026-01-29T10:30:13Z,6596,9327.72,-0.1505,49.64,https://www.youtube.com/watch?v=ObHZU0rRnYo
H0g2GnI9150,Episode 395: Charles Chaffin - The Psychology of Financial Planning,2026-02-05T10:30:15Z,4127,9327.72,-0.3541,17.19,https://www.youtube.com/watch?v=H0g2GnI9150
